id,price,qty,quoteQty,time,isBuyerMaker,isBestMatch
6648517269,77189.49,4e-05,3.0875796,2026-09-02 17:42:36.218,False,True
6648517270,77189.49,7e-05,5.4032643,2026-09-02 17:42:36.218,False,True
6648517271,77189.49,7e-05,5.4032643,2026-09-02 17:42:36.218,False,True
6648517272,77189.49,7e-05,5.4032643,2026-09-02 17:42:36.218,False,True
6648517273,77189.49,7e-05,5.4032643,2026-09-02 17:42:36.218,False,True
6648517274,77189.49,7e-05,5.4032643,2026-09-02 17:42:36.218,False,True
6648517275,77189.49,7e-05,5.4032643,2026-09-02 17:42:36.218,False,True
6648517276,77189.49,7e-05,5.4032643,2026-09-02 17:42:36.218,False,True
6648517277,77189.49,7e-05,5.4032643,2026-09-02 17:42:36.218,False,True
6648517278,77189.49,8e-05,6.1751592,2026-09-02 17:42:36.218,False,True
6648517279,77189.49,1e-05,0.7718949,2026-09-02 17:42:36.218,False,True
6648517280,77189.48,0.00641,494.7845668,2026-09-02 17:42:36.645,True,True
6648517281,77189.49,0.00079,60.9796971,2026-09-02 17:42:37.650,False,True
6648517282,77189.48,0.00032,24.7006336,2026-09-02 17:42:38.129,True,True
6648517283,77189.49,0.00037,28.5601113,2026-09-02 17:42:38.350,False,True
6648517284,77189.48,0.02127,1641.8202396,2026-09-02 17:42:38.448,True,True
6648517285,77189.48,0.0012,92.627376,2026-09-02 17:42:38.659,True,True
6648517286,77189.49,0.0001,7.718949,2026-09-02 17:42:39.629,False,True
6648517287,77189.48,0.01295,999.603766,2026-09-02 17:42:39.895,True,True
6648517288,77189.48,0.01,771.8948,2026-09-02 17:42:40.396,True,True
6648517289,77189.48,9e-05,6.9470532,2026-09-02 17:42:41.144,True,True
6648517290,77189.49,0.00332,256.2691068,2026-09-02 17:42:41.570,False,True
6648517291,77189.48,7e-05,5.4032636,2026-09-02 17:42:41.861,True,True
6648517292,77189.48,8e-05,6.1751584,2026-09-02 17:42:41.861,True,True
6648517293,77189.48,7e-05,5.4032636,2026-09-02 17:42:41.861,True,True
6648517294,77189.48,7e-05,5.4032636,2026-09-02 17:42:41.861,True,True
6648517295,77189.48,7e-05,5.4032636,2026-09-02 17:42:41.861,True,True
6648517296,77189.48,7e-05,5.4032636,2026-09-02 17:42:41.861,True,True
6648517297,77189.48,7e-05,5.4032636,2026-09-02 17:42:41.861,True,True
6648517298,77189.48,0.001,77.18948,2026-09-02 17:42:41.861,True,True
6648517299,77189.48,0.001,77.18948,2026-09-02 17:42:41.861,True,True
6648517300,77189.48,0.001,77.18948,2026-09-02 17:42:41.861,True,True
6648517301,77189.48,7e-05,5.4032636,2026-09-02 17:42:41.861,True,True
6648517302,77189.48,0.00243,187.5704364,2026-09-02 17:42:41.861,True,True
6648517303,77189.48,0.01252,966.4122896,2026-09-02 17:42:42.348,True,True
6648517304,77189.49,0.03612,2788.0843788,2026-09-02 17:42:42.528,False,True
6648517305,77189.49,0.00152,117.3280248,2026-09-02 17:42:43.169,False,True
6648517306,77189.48,0.01288,994.2005024,2026-09-02 17:42:43.623,True,True
6648517307,77189.48,0.01006,776.5261688,2026-09-02 17:42:43.679,True,True
6648517308,77189.49,0.00268,206.8678332,2026-09-02 17:42:44.215,False,True
6648517309,77189.49,0.00634,489.3813666,2026-09-02 17:42:44.948,False,True
6648517310,77189.49,0.00033,25.4725317,2026-09-02 17:42:45.144,False,True
6648517311,77189.48,0.03612,2788.0840176,2026-09-02 17:42:45.201,True,True
6648517312,77189.49,0.00011,8.4908439,2026-09-02 17:42:45.240,False,True
6648517313,77189.48,0.00152,117.3280096,2026-09-02 17:42:45.335,True,True
6648517314,77189.48,0.06627,5115.3468396,2026-09-02 17:42:45.527,True,True
6648517315,77189.48,0.0003,23.156844,2026-09-02 17:42:45.527,True,True
6648517316,77189.48,7e-05,5.4032636,2026-09-02 17:42:45.527,True,True
6648517317,77189.48,7e-05,5.4032636,2026-09-02 17:42:45.527,True,True
6648517318,77189.48,7e-05,5.4032636,2026-09-02 17:42:45.527,True,True
6648517319,77189.48,7e-05,5.4032636,2026-09-02 17:42:45.527,True,True
6648517320,77189.48,7e-05,5.4032636,2026-09-02 17:42:45.527,True,True
6648517321,77189.48,7e-05,5.4032636,2026-09-02 17:42:45.527,True,True
6648517322,77189.48,7e-05,5.4032636,2026-09-02 17:42:45.527,True,True
6648517323,77189.48,7e-05,5.4032636,2026-09-02 17:42:45.527,True,True
6648517324,77189.48,7e-05,5.4032636,2026-09-02 17:42:45.527,True,True
6648517325,77189.48,7e-05,5.4032636,2026-09-02 17:42:45.527,True,True
6648517326,77189.48,7e-05,5.4032636,2026-09-02 17:42:45.527,True,True
6648517327,77189.48,7e-05,5.4032636,2026-09-02 17:42:45.527,True,True
6648517328,77189.48,7e-05,5.4032636,2026-09-02 17:42:45.527,True,True
6648517329,77189.48,7e-05,5.4032636,2026-09-02 17:42:45.527,True,True
6648517330,77189.48,7e-05,5.4032636,2026-09-02 17:42:45.527,True,True
6648517331,77189.48,7e-05,5.4032636,2026-09-02 17:42:45.527,True,True
6648517332,77189.48,7e-05,5.4032636,2026-09-02 17:42:45.527,True,True
6648517333,77189.48,7e-05,5.4032636,2026-09-02 17:42:45.527,True,True
6648517334,77189.48,8e-05,6.1751584,2026-09-02 17:42:45.527,True,True
6648517335,77189.48,7e-05,5.4032636,2026-09-02 17:42:45.527,True,True
6648517336,77189.48,0.00065,50.173162,2026-09-02 17:42:45.527,True,True
6648517337,77189.48,0.00065,50.173162,2026-09-02 17:42:45.527,True,True
6648517338,77189.48,0.00026,20.0692648,2026-09-02 17:42:45.527,True,True
6648517339,77189.48,7e-05,5.4032636,2026-09-02 17:42:45.527,True,True
6648517340,77189.48,0.0003,23.156844,2026-09-02 17:42:45.527,True,True
6648517341,77189.48,7e-05,5.4032636,2026-09-02 17:42:45.527,True,True
6648517342,77189.48,7e-05,5.4032636,2026-09-02 17:42:45.527,True,True
6648517343,77189.48,7e-05,5.4032636,2026-09-02 17:42:45.527,True,True
6648517344,77189.48,7e-05,5.4032636,2026-09-02 17:42:45.527,True,True
6648517345,77189.48,0.0003,23.156844,2026-09-02 17:42:45.527,True,True
6648517346,77189.48,7e-05,5.4032636,2026-09-02 17:42:45.527,True,True
6648517347,77189.48,7e-05,5.4032636,2026-09-02 17:42:45.527,True,True
6648517348,77189.48,7e-05,5.4032636,2026-09-02 17:42:45.527,True,True
6648517349,77189.48,7e-05,5.4032636,2026-09-02 17:42:45.527,True,True
6648517350,77189.48,0.0003,23.156844,2026-09-02 17:42:45.527,True,True
6648517351,77189.48,7e-05,5.4032636,2026-09-02 17:42:45.527,True,True
6648517352,77189.48,7e-05,5.4032636,2026-09-02 17:42:45.527,True,True
6648517353,77189.48,7e-05,5.4032636,2026-09-02 17:42:45.527,True,True
6648517354,77189.48,7e-05,5.4032636,2026-09-02 17:42:45.527,True,True
6648517355,77189.48,0.0003,23.156844,2026-09-02 17:42:45.527,True,True
6648517356,77189.48,0.0003,23.156844,2026-09-02 17:42:45.527,True,True
6648517357,77189.48,0.0003,23.156844,2026-09-02 17:42:45.527,True,True
6648517358,77189.48,0.0003,23.156844,2026-09-02 17:42:45.527,True,True
6648517359,77189.48,0.0003,23.156844,2026-09-02 17:42:45.527,True,True
6648517360,77189.48,0.0003,23.156844,2026-09-02 17:42:45.527,True,True
6648517361,77189.48,0.0003,23.156844,2026-09-02 17:42:45.527,True,True
6648517362,77189.48,0.0003,23.156844,2026-09-02 17:42:45.527,True,True
6648517363,77189.48,0.0003,23.156844,2026-09-02 17:42:45.527,True,True
6648517364,77189.48,0.0003,23.156844,2026-09-02 17:42:45.527,True,True
6648517365,77189.48,0.0003,23.156844,2026-09-02 17:42:45.527,True,True
6648517366,77189.48,0.0003,23.156844,2026-09-02 17:42:45.527,True,True
6648517367,77189.48,0.0003,23.156844,2026-09-02 17:42:45.527,True,True
6648517368,77189.48,0.0003,23.156844,2026-09-02 17:42:45.527,True,True
6648517369,77189.48,0.0003,23.156844,2026-09-02 17:42:45.527,True,True
6648517370,77189.48,0.0003,23.156844,2026-09-02 17:42:45.527,True,True
6648517371,77189.48,0.0003,23.156844,2026-09-02 17:42:45.527,True,True
6648517372,77189.48,0.0003,23.156844,2026-09-02 17:42:45.527,True,True
6648517373,77189.48,0.0003,23.156844,2026-09-02 17:42:45.527,True,True
6648517374,77189.48,0.0003,23.156844,2026-09-02 17:42:45.527,True,True
6648517375,77189.48,0.0003,23.156844,2026-09-02 17:42:45.527,True,True
6648517376,77189.48,0.0003,23.156844,2026-09-02 17:42:45.527,True,True
6648517377,77189.48,0.0003,23.156844,2026-09-02 17:42:45.527,True,True
6648517378,77189.48,0.0003,23.156844,2026-09-02 17:42:45.527,True,True
6648517379,77189.48,0.0003,23.156844,2026-09-02 17:42:45.527,True,True
6648517380,77189.48,0.0003,23.156844,2026-09-02 17:42:45.527,True,True
6648517381,77189.48,0.0003,23.156844,2026-09-02 17:42:45.527,True,True
6648517382,77189.48,0.0003,23.156844,2026-09-02 17:42:45.527,True,True
6648517383,77189.48,0.0003,23.156844,2026-09-02 17:42:45.527,True,True
6648517384,77189.48,0.0003,23.156844,2026-09-02 17:42:45.527,True,True
6648517385,77189.48,0.0003,23.156844,2026-09-02 17:42:45.527,True,True
6648517386,77189.48,0.0003,23.156844,2026-09-02 17:42:45.527,True,True
6648517387,77189.48,0.0003,23.156844,2026-09-02 17:42:45.527,True,True
6648517388,77189.48,0.0003,23.156844,2026-09-02 17:42:45.527,True,True
6648517389,77189.48,0.0003,23.156844,2026-09-02 17:42:45.527,True,True
6648517390,77189.48,0.0003,23.156844,2026-09-02 17:42:45.527,True,True
6648517391,77189.48,0.0003,23.156844,2026-09-02 17:42:45.527,True,True
6648517392,77189.48,0.0003,23.156844,2026-09-02 17:42:45.527,True,True
6648517393,77189.48,0.0003,23.156844,2026-09-02 17:42:45.527,True,True
6648517394,77189.48,0.0003,23.156844,2026-09-02 17:42:45.527,True,True
6648517395,77189.48,0.0003,23.156844,2026-09-02 17:42:45.527,True,True
6648517396,77189.48,0.0003,23.156844,2026-09-02 17:42:45.527,True,True
6648517397,77189.48,0.0003,23.156844,2026-09-02 17:42:45.527,True,True
6648517398,77189.48,0.0003,23.156844,2026-09-02 17:42:45.527,True,True
6648517399,77189.48,0.0003,23.156844,2026-09-02 17:42:45.527,True,True
6648517400,77189.48,0.0003,23.156844,2026-09-02 17:42:45.527,True,True
6648517401,77189.48,0.0003,23.156844,2026-09-02 17:42:45.527,True,True
6648517402,77189.48,0.0003,23.156844,2026-09-02 17:42:45.527,True,True
6648517403,77189.48,0.0003,23.156844,2026-09-02 17:42:45.527,True,True
6648517404,77189.48,0.0003,23.156844,2026-09-02 17:42:45.527,True,True
6648517405,77189.48,0.0003,23.156844,2026-09-02 17:42:45.527,True,True
6648517406,77189.48,0.0003,23.156844,2026-09-02 17:42:45.527,True,True
6648517407,77189.48,0.0003,23.156844,2026-09-02 17:42:45.527,True,True
6648517408,77189.48,0.0003,23.156844,2026-09-02 17:42:45.527,True,True
6648517409,77189.48,0.0003,23.156844,2026-09-02 17:42:45.527,True,True
6648517410,77189.48,0.0003,23.156844,2026-09-02 17:42:45.527,True,True
6648517411,77189.48,0.0003,23.156844,2026-09-02 17:42:45.527,True,True
6648517412,77189.48,0.0003,23.156844,2026-09-02 17:42:45.527,True,True
6648517413,77189.48,0.0003,23.156844,2026-09-02 17:42:45.527,True,True
6648517414,77189.48,0.0003,23.156844,2026-09-02 17:42:45.527,True,True
6648517415,77189.48,0.0003,23.156844,2026-09-02 17:42:45.527,True,True
6648517416,77189.48,0.0003,23.156844,2026-09-02 17:42:45.527,True,True
6648517417,77189.48,0.0003,23.156844,2026-09-02 17:42:45.527,True,True
6648517418,77189.48,0.0003,23.156844,2026-09-02 17:42:45.527,True,True
6648517419,77189.48,0.0003,23.156844,2026-09-02 17:42:45.527,True,True
6648517420,77189.48,0.0003,23.156844,2026-09-02 17:42:45.527,True,True
6648517421,77189.48,0.0003,23.156844,2026-09-02 17:42:45.527,True,True
6648517422,77189.48,0.0003,23.156844,2026-09-02 17:42:45.527,True,True
6648517423,77189.48,0.0003,23.156844,2026-09-02 17:42:45.527,True,True
6648517424,77189.48,0.0003,23.156844,2026-09-02 17:42:45.527,True,True
6648517425,77189.48,0.0003,23.156844,2026-09-02 17:42:45.527,True,True
6648517426,77189.48,0.0003,23.156844,2026-09-02 17:42:45.527,True,True
6648517427,77189.48,0.0003,23.156844,2026-09-02 17:42:45.527,True,True
6648517428,77189.48,0.0003,23.156844,2026-09-02 17:42:45.527,True,True
6648517429,77189.48,0.0003,23.156844,2026-09-02 17:42:45.527,True,True
6648517430,77189.48,0.0003,23.156844,2026-09-02 17:42:45.527,True,True
6648517431,77189.48,0.0003,23.156844,2026-09-02 17:42:45.527,True,True
6648517432,77189.48,0.0003,23.156844,2026-09-02 17:42:45.527,True,True
6648517433,77189.48,0.0003,23.156844,2026-09-02 17:42:45.527,True,True
6648517434,77189.48,0.0003,23.156844,2026-09-02 17:42:45.527,True,True
6648517435,77189.48,0.0003,23.156844,2026-09-02 17:42:45.527,True,True
6648517436,77189.48,0.0003,23.156844,2026-09-02 17:42:45.527,True,True
6648517437,77189.48,0.0003,23.156844,2026-09-02 17:42:45.527,True,True
6648517438,77189.48,0.0003,23.156844,2026-09-02 17:42:45.527,True,True
6648517439,77189.48,0.0003,23.156844,2026-09-02 17:42:45.527,True,True
6648517440,77189.48,0.0003,23.156844,2026-09-02 17:42:45.527,True,True
6648517441,77189.48,0.0003,23.156844,2026-09-02 17:42:45.527,True,True
6648517442,77189.48,0.0003,23.156844,2026-09-02 17:42:45.527,True,True
6648517443,77189.48,0.0003,23.156844,2026-09-02 17:42:45.527,True,True
6648517444,77189.48,0.0003,23.156844,2026-09-02 17:42:45.527,True,True
6648517445,77189.48,0.0003,23.156844,2026-09-02 17:42:45.527,True,True
6648517446,77189.48,0.0003,23.156844,2026-09-02 17:42:45.527,True,True
6648517447,77189.48,0.0003,23.156844,2026-09-02 17:42:45.527,True,True
6648517448,77189.48,0.0003,23.156844,2026-09-02 17:42:45.527,True,True
6648517449,77189.48,0.0003,23.156844,2026-09-02 17:42:45.527,True,True
6648517450,77189.48,0.0003,23.156844,2026-09-02 17:42:45.527,True,True
6648517451,77189.47,0.00934,720.9496498,2026-09-02 17:42:45.527,True,True
6648517452,77189.47,7e-05,5.4032629,2026-09-02 17:42:45.527,True,True
6648517453,77189.47,7e-05,5.4032629,2026-09-02 17:42:45.527,True,True
6648517454,77189.47,7e-05,5.4032629,2026-09-02 17:42:45.527,True,True
6648517455,77189.47,7e-05,5.4032629,2026-09-02 17:42:45.527,True,True
6648517456,77189.47,7e-05,5.4032629,2026-09-02 17:42:45.527,True,True
6648517457,77189.47,7e-05,5.4032629,2026-09-02 17:42:45.527,True,True
6648517458,77189.47,7e-05,5.4032629,2026-09-02 17:42:45.527,True,True
6648517459,77189.47,7e-05,5.4032629,2026-09-02 17:42:45.527,True,True
6648517460,77189.47,7e-05,5.4032629,2026-09-02 17:42:45.527,True,True
6648517461,77189.47,7e-05,5.4032629,2026-09-02 17:42:45.527,True,True
6648517462,77189.47,7e-05,5.4032629,2026-09-02 17:42:45.527,True,True
6648517463,77189.46,0.0027,208.411542,2026-09-02 17:42:45.527,True,True
6648517464,77188.42,7e-05,5.4031894,2026-09-02 17:42:45.529,True,True
6648517465,77188.42,0.00216,166.7269872,2026-09-02 17:42:45.529,True,True
6648517466,77188.25,7e-05,5.4031775,2026-09-02 17:42:45.529,True,True
6648517467,77188.25,7e-05,5.4031775,2026-09-02 17:42:45.529,True,True
6648517468,77188.25,7e-05,5.4031775,2026-09-02 17:42:45.529,True,True
6648517469,77188.24,0.01557,1201.8208968,2026-09-02 17:42:45.529,True,True
6648517470,77188.24,7e-05,5.4031768,2026-09-02 17:42:45.529,True,True
6648517471,77188.24,7e-05,5.4031768,2026-09-02 17:42:45.529,True,True
6648517472,77188.24,7e-05,5.4031768,2026-09-02 17:42:45.529,True,True
6648517473,77188.24,7e-05,5.4031768,2026-09-02 17:42:45.529,True,True
6648517474,77188.24,7e-05,5.4031768,2026-09-02 17:42:45.529,True,True
6648517475,77188.24,7e-05,5.4031768,2026-09-02 17:42:45.529,True,True
6648517476,77187.97,7e-05,5.4031579,2026-09-02 17:42:45.529,True,True
6648517477,77187.45,7e-05,5.4031215,2026-09-02 17:42:45.529,True,True
6648517478,77187.45,7e-05,5.4031215,2026-09-02 17:42:45.529,True,True
6648517479,77187.25,7e-05,5.4031075,2026-09-02 17:42:45.529,True,True
6648517480,77187.25,7e-05,5.4031075,2026-09-02 17:42:45.529,True,True
6648517481,77187.25,7e-05,5.4031075,2026-09-02 17:42:45.529,True,True
6648517482,77187.19,7e-05,5.4031033,2026-09-02 17:42:45.531,True,True
6648517483,77187.19,7e-05,5.4031033,2026-09-02 17:42:45.531,True,True
6648517484,77187.19,7e-05,5.4031033,2026-09-02 17:42:45.531,True,True
6648517485,77187.19,7e-05,5.4031033,2026-09-02 17:42:45.531,True,True
6648517486,77187.03,0.00014,10.8061842,2026-09-02 17:42:45.532,False,True
6648517487,77187.02,7e-05,5.4030914,2026-09-02 17:42:45.550,True,True
6648517488,77187.02,7e-05,5.4030914,2026-09-02 17:42:45.550,True,True
6648517489,77187.02,7e-05,5.4030914,2026-09-02 17:42:45.550,True,True
6648517490,77187.02,7e-05,5.4030914,2026-09-02 17:42:45.550,True,True
6648517491,77187.02,7e-05,5.4030914,2026-09-02 17:42:45.555,True,True
6648517492,77187.02,0.00065,50.171563,2026-09-02 17:42:45.555,True,True
6648517493,77187.02,7e-05,5.4030914,2026-09-02 17:42:45.555,True,True
6648517494,77187.02,0.00065,50.171563,2026-09-02 17:42:45.555,True,True
6648517495,77187.02,7e-05,5.4030914,2026-09-02 17:42:45.555,True,True
6648517496,77187.02,7e-05,5.4030914,2026-09-02 17:42:45.555,True,True
6648517497,77187.02,7e-05,5.4030914,2026-09-02 17:42:45.555,True,True
6648517498,77187.02,8e-05,6.1749616,2026-09-02 17:42:45.555,True,True
6648517499,77187.02,7e-05,5.4030914,2026-09-02 17:42:45.555,True,True
6648517500,77187.02,7e-05,5.4030914,2026-09-02 17:42:45.555,True,True
6648517501,77187.02,7e-05,5.4030914,2026-09-02 17:42:45.555,True,True
6648517502,77187.02,7e-05,5.4030914,2026-09-02 17:42:45.555,True,True
6648517503,77187.02,7e-05,5.4030914,2026-09-02 17:42:45.555,True,True
6648517504,77187.01,7e-05,5.4030907,2026-09-02 17:42:45.555,True,True
6648517505,77187.01,7e-05,5.4030907,2026-09-02 17:42:45.555,True,True
6648517506,77187.01,7e-05,5.4030907,2026-09-02 17:42:45.555,True,True
6648517507,77187.01,7e-05,5.4030907,2026-09-02 17:42:45.555,True,True
6648517508,77187.01,7e-05,5.4030907,2026-09-02 17:42:45.555,True,True
6648517509,77187.01,7e-05,5.4030907,2026-09-02 17:42:45.555,True,True
6648517510,77187.01,7e-05,5.4030907,2026-09-02 17:42:45.555,True,True
6648517511,77187.01,7e-05,5.4030907,2026-09-02 17:42:45.555,True,True
6648517512,77187.01,7e-05,5.4030907,2026-09-02 17:42:45.555,True,True
6648517513,77187.0,7e-05,5.40309,2026-09-02 17:42:45.555,True,True
6648517514,77187.0,7e-05,5.40309,2026-09-02 17:42:45.555,True,True
6648517515,77187.0,7e-05,5.40309,2026-09-02 17:42:45.555,True,True
6648517516,77187.0,7e-05,5.40309,2026-09-02 17:42:45.555,True,True
6648517517,77185.77,7e-05,5.4030039,2026-09-02 17:42:45.555,True,True
6648517518,77185.77,7e-05,5.4030039,2026-09-02 17:42:45.555,True,True
6648517519,77185.29,7e-05,5.4029703,2026-09-02 17:42:45.555,True,True
6648517520,77185.29,7e-05,5.4029703,2026-09-02 17:42:45.555,True,True
6648517521,77185.29,7e-05,5.4029703,2026-09-02 17:42:45.555,True,True
6648517522,77185.29,7e-05,5.4029703,2026-09-02 17:42:45.555,True,True
6648517523,77185.29,7e-05,5.4029703,2026-09-02 17:42:45.555,True,True
6648517524,77185.29,0.00247,190.6476663,2026-09-02 17:42:45.637,False,True
6648517525,77185.29,0.00196,151.2831684,2026-09-02 17:42:45.714,False,True
6648517526,77185.28,7e-05,5.4029696,2026-09-02 17:42:45.729,True,True
6648517527,77185.28,0.0005,38.59264,2026-09-02 17:42:45.729,True,True
6648517528,77185.28,0.00064,49.3985792,2026-09-02 17:42:45.813,True,True
6648517529,77185.28,0.021,1620.89088,2026-09-02 17:42:46.650,True,True
6648517530,77185.29,0.00085,65.6074965,2026-09-02 17:42:46.798,False,True
6648517531,77185.28,0.03043,2348.7480704,2026-09-02 17:42:47.250,True,True
6648517532,77185.28,0.00995,767.993536,2026-09-02 17:42:47.250,True,True
6648517533,77185.28,0.00013,10.0340864,2026-09-02 17:42:47.250,True,True
6648517534,77185.28,0.05866,4527.6885248,2026-09-02 17:42:47.250,True,True
6648517535,77185.28,0.14134,10909.3674752,2026-09-02 17:42:47.250,True,True
6648517536,77185.28,7e-05,5.4029696,2026-09-02 17:42:47.250,True,True
6648517537,77185.28,7e-05,5.4029696,2026-09-02 17:42:47.250,True,True
6648517538,77185.28,7e-05,5.4029696,2026-09-02 17:42:47.250,True,True
6648517539,77185.28,7e-05,5.4029696,2026-09-02 17:42:47.250,True,True
6648517540,77185.28,7e-05,5.4029696,2026-09-02 17:42:47.250,True,True
6648517541,77185.28,7e-05,5.4029696,2026-09-02 17:42:47.250,True,True
6648517542,77185.28,7e-05,5.4029696,2026-09-02 17:42:47.250,True,True
6648517543,77185.28,7e-05,5.4029696,2026-09-02 17:42:47.250,True,True
6648517544,77185.28,7e-05,5.4029696,2026-09-02 17:42:47.250,True,True
6648517545,77185.28,7e-05,5.4029696,2026-09-02 17:42:47.250,True,True
6648517546,77185.28,7e-05,5.4029696,2026-09-02 17:42:47.250,True,True
6648517547,77185.28,7e-05,5.4029696,2026-09-02 17:42:47.250,True,True
6648517548,77185.28,0.00065,50.170432,2026-09-02 17:42:47.250,True,True
6648517549,77185.28,0.00065,50.170432,2026-09-02 17:42:47.250,True,True
6648517550,77185.28,7e-05,5.4029696,2026-09-02 17:42:47.250,True,True
6648517551,77185.28,7e-05,5.4029696,2026-09-02 17:42:47.250,True,True
6648517552,77185.28,7e-05,5.4029696,2026-09-02 17:42:47.250,True,True
6648517553,77185.28,7e-05,5.4029696,2026-09-02 17:42:47.250,True,True
6648517554,77185.28,7e-05,5.4029696,2026-09-02 17:42:47.250,True,True
6648517555,77185.28,8e-05,6.1748224,2026-09-02 17:42:47.250,True,True
6648517556,77185.28,7e-05,5.4029696,2026-09-02 17:42:47.250,True,True
6648517557,77185.28,0.00834,643.7252352,2026-09-02 17:42:47.250,True,True
6648517558,77185.28,7e-05,5.4029696,2026-09-02 17:42:47.250,True,True
6648517559,77185.28,0.03689,2847.3649792,2026-09-02 17:42:47.250,True,True
6648517560,77185.28,0.0236,1821.572608,2026-09-02 17:42:47.250,True,True
6648517561,77185.28,0.0294,2269.247232,2026-09-02 17:42:47.250,True,True
6648517562,77185.28,0.00343,264.7455104,2026-09-02 17:42:47.250,True,True
6648517563,77185.28,0.00104,80.2726912,2026-09-02 17:42:47.250,True,True
6648517564,77185.28,0.00104,80.2726912,2026-09-02 17:42:47.250,True,True
6648517565,77185.28,7e-05,5.4029696,2026-09-02 17:42:47.250,True,True
6648517566,77185.28,7e-05,5.4029696,2026-09-02 17:42:47.250,True,True
6648517567,77185.28,7e-05,5.4029696,2026-09-02 17:42:47.250,True,True
6648517568,77185.28,7e-05,5.4029696,2026-09-02 17:42:47.250,True,True
6648517569,77185.28,7e-05,5.4029696,2026-09-02 17:42:47.250,True,True
6648517570,77185.28,7e-05,5.4029696,2026-09-02 17:42:47.250,True,True
6648517571,77185.28,7e-05,5.4029696,2026-09-02 17:42:47.250,True,True
6648517572,77185.28,7e-05,5.4029696,2026-09-02 17:42:47.250,True,True
6648517573,77185.28,7e-05,5.4029696,2026-09-02 17:42:47.250,True,True
6648517574,77185.28,7e-05,5.4029696,2026-09-02 17:42:47.250,True,True
6648517575,77185.28,7e-05,5.4029696,2026-09-02 17:42:47.250,True,True
6648517576,77185.28,7e-05,5.4029696,2026-09-02 17:42:47.250,True,True
6648517577,77185.27,7e-05,5.4029689,2026-09-02 17:42:47.250,True,True
6648517578,77185.27,7e-05,5.4029689,2026-09-02 17:42:47.250,True,True
6648517579,77185.27,7e-05,5.4029689,2026-09-02 17:42:47.250,True,True
6648517580,77185.27,7e-05,5.4029689,2026-09-02 17:42:47.250,True,True
6648517581,77185.27,7e-05,5.4029689,2026-09-02 17:42:47.250,True,True
6648517582,77185.27,7e-05,5.4029689,2026-09-02 17:42:47.250,True,True
6648517583,77185.27,7e-05,5.4029689,2026-09-02 17:42:47.250,True,True
6648517584,77185.27,7e-05,5.4029689,2026-09-02 17:42:47.250,True,True
6648517585,77185.27,7e-05,5.4029689,2026-09-02 17:42:47.250,True,True
6648517586,77184.56,7e-05,5.4029192,2026-09-02 17:42:47.252,True,True
6648517587,77184.56,7e-05,5.4029192,2026-09-02 17:42:47.252,True,True
6648517588,77184.56,7e-05,5.4029192,2026-09-02 17:42:47.252,True,True
6648517589,77184.05,0.00087,67.1501235,2026-09-02 17:42:47.252,True,True
6648517590,77184.04,0.01391,1073.6299964,2026-09-02 17:42:47.252,True,True
6648517591,77184.04,7e-05,5.4028828,2026-09-02 17:42:47.252,True,True
6648517592,77184.04,7e-05,5.4028828,2026-09-02 17:42:47.252,True,True
6648517593,77184.04,7e-05,5.4028828,2026-09-02 17:42:47.252,True,True
6648517594,77184.04,7e-05,5.4028828,2026-09-02 17:42:47.252,True,True
6648517595,77184.04,7e-05,5.4028828,2026-09-02 17:42:47.252,True,True
6648517596,77184.04,7e-05,5.4028828,2026-09-02 17:42:47.252,True,True
6648517597,77183.89,7e-05,5.4028723,2026-09-02 17:42:47.252,True,True
6648517598,77183.89,7e-05,5.4028723,2026-09-02 17:42:47.252,True,True
6648517599,77183.33,7e-05,5.4028331,2026-09-02 17:42:47.252,True,True
6648517600,77183.03,7e-05,5.4028121,2026-09-02 17:42:47.252,True,True
6648517601,77183.03,7e-05,5.4028121,2026-09-02 17:42:47.252,True,True
6648517602,77183.03,7e-05,5.4028121,2026-09-02 17:42:47.252,True,True
6648517603,77183.02,7e-05,5.4028114,2026-09-02 17:42:47.252,True,True
6648517604,77183.02,7e-05,5.4028114,2026-09-02 17:42:47.252,True,True
6648517605,77183.0,7e-05,5.40281,2026-09-02 17:42:47.252,True,True
6648517606,77183.0,7e-05,5.40281,2026-09-02 17:42:47.252,True,True
6648517607,77183.0,7e-05,5.40281,2026-09-02 17:42:47.252,True,True
6648517608,77182.99,7e-05,5.4028093,2026-09-02 17:42:47.252,True,True
6648517609,77182.99,7e-05,5.4028093,2026-09-02 17:42:47.252,True,True
6648517610,77182.99,7e-05,5.4028093,2026-09-02 17:42:47.252,True,True
6648517611,77182.99,7e-05,5.4028093,2026-09-02 17:42:47.252,True,True
6648517612,77182.99,7e-05,5.4028093,2026-09-02 17:42:47.252,True,True
6648517613,77182.99,7e-05,5.4028093,2026-09-02 17:42:47.252,True,True
6648517614,77182.99,7e-05,5.4028093,2026-09-02 17:42:47.252,True,True
6648517615,77182.99,7e-05,5.4028093,2026-09-02 17:42:47.252,True,True
6648517616,77182.81,0.00434,334.9733954,2026-09-02 17:42:47.252,True,True
6648517617,77182.81,0.01235,953.2077035,2026-09-02 17:42:47.253,True,True
6648517618,77182.78,7e-05,5.4027946,2026-09-02 17:42:47.253,True,True
6648517619,77182.78,7e-05,5.4027946,2026-09-02 17:42:47.253,True,True
6648517620,77181.93,7e-05,5.4027351,2026-09-02 17:42:47.253,True,True
6648517621,77181.93,7e-05,5.4027351,2026-09-02 17:42:47.253,True,True
6648517622,77181.93,7e-05,5.4027351,2026-09-02 17:42:47.253,True,True
6648517623,77181.92,7e-05,5.4027344,2026-09-02 17:42:47.253,True,True
6648517624,77181.92,7e-05,5.4027344,2026-09-02 17:42:47.253,True,True
6648517625,77181.78,7e-05,5.4027246,2026-09-02 17:42:47.253,True,True
6648517626,77181.78,7e-05,5.4027246,2026-09-02 17:42:47.253,True,True
6648517627,77181.78,7e-05,5.4027246,2026-09-02 17:42:47.253,True,True
6648517628,77181.57,0.01669,1288.1604033,2026-09-02 17:42:47.253,True,True
6648517629,77181.43,7e-05,5.4027001,2026-09-02 17:42:47.253,True,True
6648517630,77181.43,7e-05,5.4027001,2026-09-02 17:42:47.253,True,True
6648517631,77181.43,7e-05,5.4027001,2026-09-02 17:42:47.253,True,True
6648517632,77181.14,7e-05,5.4026798,2026-09-02 17:42:47.253,True,True
6648517633,77181.14,7e-05,5.4026798,2026-09-02 17:42:47.253,True,True
6648517634,77181.14,7e-05,5.4026798,2026-09-02 17:42:47.253,True,True
6648517635,77181.14,7e-05,5.4026798,2026-09-02 17:42:47.253,True,True
6648517636,77180.7,7e-05,5.402649,2026-09-02 17:42:47.253,True,True
6648517637,77180.46,0.00323,249.2928858,2026-09-02 17:42:47.253,True,True
6648517638,77180.31,7e-05,5.4026217,2026-09-02 17:42:47.253,True,True
6648517639,77180.3,7e-05,5.402621,2026-09-02 17:42:47.253,True,True
6648517640,77180.3,7e-05,5.402621,2026-09-02 17:42:47.253,True,True
6648517641,77179.71,0.00259,199.8954489,2026-09-02 17:42:47.253,True,True
6648517642,77179.47,8e-05,6.1743576,2026-09-02 17:42:47.253,True,True
6648517643,77179.43,7e-05,5.4025601,2026-09-02 17:42:47.253,True,True
6648517644,77178.9,7e-05,5.402523,2026-09-02 17:42:47.253,True,True
6648517645,77178.9,7e-05,5.402523,2026-09-02 17:42:47.253,True,True
6648517646,77178.85,7e-05,5.4025195,2026-09-02 17:42:47.253,True,True
6648517647,77178.85,7e-05,5.4025195,2026-09-02 17:42:47.253,True,True
6648517648,77178.78,7e-05,5.4025146,2026-09-02 17:42:47.253,True,True
6648517649,77178.78,7e-05,5.4025146,2026-09-02 17:42:47.253,True,True
6648517650,77178.57,8e-05,6.1742856,2026-09-02 17:42:47.253,True,True
6648517651,77178.35,7e-05,5.4024845,2026-09-02 17:42:47.253,True,True
6648517652,77178.06,7e-05,5.4024642,2026-09-02 17:42:47.253,True,True
6648517653,77178.06,7e-05,5.4024642,2026-09-02 17:42:47.253,True,True
6648517654,77178.06,7e-05,5.4024642,2026-09-02 17:42:47.253,True,True
6648517655,77178.06,7e-05,5.4024642,2026-09-02 17:42:47.253,True,True
6648517656,77177.91,7e-05,5.4024537,2026-09-02 17:42:47.253,True,True
6648517657,77177.9,7e-05,5.402453,2026-09-02 17:42:47.253,True,True
6648517658,77177.7,0.00253,195.259581,2026-09-02 17:42:47.253,True,True
6648517659,77177.7,0.019,1466.3763,2026-09-02 17:42:47.253,True,True
6648517660,77177.7,7e-05,5.402439,2026-09-02 17:42:47.261,True,True
6648517661,77177.7,7e-05,5.402439,2026-09-02 17:42:47.261,True,True
6648517662,77177.7,7e-05,5.402439,2026-09-02 17:42:47.261,True,True
6648517663,77177.7,7e-05,5.402439,2026-09-02 17:42:47.261,True,True
6648517664,77177.7,7e-05,5.402439,2026-09-02 17:42:47.261,True,True
6648517665,77177.7,0.02065,1593.719505,2026-09-02 17:42:47.261,True,True
6648517666,77177.7,0.021,1620.7317,2026-09-02 17:42:47.262,True,True
6648517667,77177.7,0.021,1620.7317,2026-09-02 17:42:47.262,True,True
6648517668,77177.7,7e-05,5.402439,2026-09-02 17:42:47.262,True,True
6648517669,77177.69,7e-05,5.4024383,2026-09-02 17:42:47.262,True,True
6648517670,77177.69,7e-05,5.4024383,2026-09-02 17:42:47.262,True,True
6648517671,77177.67,7e-05,5.4024369,2026-09-02 17:42:47.262,True,True
6648517672,77177.67,7e-05,5.4024369,2026-09-02 17:42:47.262,True,True
6648517673,77176.94,7e-05,5.4023858,2026-09-02 17:42:47.262,True,True
6648517674,77176.94,7e-05,5.4023858,2026-09-02 17:42:47.262,True,True
6648517675,77176.87,7e-05,5.4023809,2026-09-02 17:42:47.262,True,True
6648517676,77176.87,7e-05,5.4023809,2026-09-02 17:42:47.262,True,True
6648517677,77176.87,7e-05,5.4023809,2026-09-02 17:42:47.262,True,True
6648517678,77176.87,7e-05,5.4023809,2026-09-02 17:42:47.262,True,True
6648517679,77176.87,7e-05,5.4023809,2026-09-02 17:42:47.262,True,True
6648517680,77176.86,0.02016,1555.8854976,2026-09-02 17:42:47.262,True,True
6648517681,77176.86,7e-05,5.4023802,2026-09-02 17:42:47.264,True,True
6648517682,77176.86,7e-05,5.4023802,2026-09-02 17:42:47.264,True,True
6648517683,77176.85,7e-05,5.4023795,2026-09-02 17:42:47.264,True,True
6648517684,77176.85,7e-05,5.4023795,2026-09-02 17:42:47.264,True,True
6648517685,77176.85,7e-05,5.4023795,2026-09-02 17:42:47.264,True,True
6648517686,77176.84,7e-05,5.4023788,2026-09-02 17:42:47.264,True,True
6648517687,77176.84,8e-05,6.1741472,2026-09-02 17:42:47.264,True,True
6648517688,77176.84,7e-05,5.4023788,2026-09-02 17:42:47.264,True,True
6648517689,77176.84,7e-05,5.4023788,2026-09-02 17:42:47.264,True,True
6648517690,77176.7,7e-05,5.402369,2026-09-02 17:42:47.264,True,True
6648517691,77176.7,7e-05,5.402369,2026-09-02 17:42:47.264,True,True
6648517692,77176.7,7e-05,5.402369,2026-09-02 17:42:47.264,True,True
6648517693,77176.69,0.02015,1555.1103035,2026-09-02 17:42:47.264,True,True
6648517694,77176.69,0.021,1620.71049,2026-09-02 17:42:47.264,True,True
6648517695,77176.69,0.021,1620.71049,2026-09-02 17:42:47.264,True,True
6648517696,77176.69,0.021,1620.71049,2026-09-02 17:42:47.264,True,True
6648517697,77176.69,0.01401,1081.2454269,2026-09-02 17:42:47.270,True,True
6648517698,77176.69,7e-05,5.4023683,2026-09-02 17:42:47.270,True,True
6648517699,77176.69,7e-05,5.4023683,2026-09-02 17:42:47.270,True,True
6648517700,77176.69,0.00685,528.6603265,2026-09-02 17:42:47.270,True,True
6648517701,77176.69,7e-05,5.4023683,2026-09-02 17:42:47.277,True,True
6648517702,77176.69,7e-05,5.4023683,2026-09-02 17:42:47.277,True,True
6648517703,77176.69,7e-05,5.4023683,2026-09-02 17:42:47.277,True,True
6648517704,77176.69,7e-05,5.4023683,2026-09-02 17:42:47.277,True,True
6648517705,77176.69,7e-05,5.4023683,2026-09-02 17:42:47.277,True,True
6648517706,77176.69,7e-05,5.4023683,2026-09-02 17:42:47.277,True,True
6648517707,77176.69,7e-05,5.4023683,2026-09-02 17:42:47.277,True,True
6648517708,77176.69,7e-05,5.4023683,2026-09-02 17:42:47.277,True,True
6648517709,77176.69,7e-05,5.4023683,2026-09-02 17:42:47.277,True,True
6648517710,77176.69,7e-05,5.4023683,2026-09-02 17:42:47.277,True,True
6648517711,77176.69,7e-05,5.4023683,2026-09-02 17:42:47.277,True,True
6648517712,77176.69,7e-05,5.4023683,2026-09-02 17:42:47.277,True,True
6648517713,77176.69,8e-05,6.1741352,2026-09-02 17:42:47.277,True,True
6648517714,77176.69,7e-05,5.4023683,2026-09-02 17:42:47.277,True,True
6648517715,77176.69,7e-05,5.4023683,2026-09-02 17:42:47.277,True,True
6648517716,77176.69,7e-05,5.4023683,2026-09-02 17:42:47.277,True,True
6648517717,77176.68,7e-05,5.4023676,2026-09-02 17:42:47.277,True,True
6648517718,77176.68,7e-05,5.4023676,2026-09-02 17:42:47.277,True,True
6648517719,77176.68,7e-05,5.4023676,2026-09-02 17:42:47.277,True,True
6648517720,77176.68,7e-05,5.4023676,2026-09-02 17:42:47.277,True,True
6648517721,77176.03,7e-05,5.4023221,2026-09-02 17:42:47.277,True,True
6648517722,77176.03,7e-05,5.4023221,2026-09-02 17:42:47.277,True,True
6648517723,77176.03,7e-05,5.4023221,2026-09-02 17:42:47.277,True,True
6648517724,77176.02,0.01738,1341.3192276,2026-09-02 17:42:47.277,True,True
6648517725,77176.03,0.00115,88.7524345,2026-09-02 17:42:47.281,False,True
6648517726,77176.03,0.05404,4170.5926612,2026-09-02 17:42:47.637,False,True
6648517727,77176.03,0.03613,2788.3699639,2026-09-02 17:42:48.743,False,True
6648517728,77176.02,9e-05,6.9458418,2026-09-02 17:42:49.198,True,True
6648517729,77176.02,0.0001,7.717602,2026-09-02 17:42:49.618,True,True
6648517730,77176.02,0.01158,893.6983116,2026-09-02 17:42:49.863,True,True
6648517731,77176.02,7e-05,5.4023214,2026-09-02 17:42:49.863,True,True
6648517732,77176.02,7e-05,5.4023214,2026-09-02 17:42:49.863,True,True
6648517733,77176.02,7e-05,5.4023214,2026-09-02 17:42:49.863,True,True
6648517734,77176.02,7e-05,5.4023214,2026-09-02 17:42:49.863,True,True
6648517735,77176.02,7e-05,5.4023214,2026-09-02 17:42:49.863,True,True
6648517736,77176.02,8e-05,6.1740816,2026-09-02 17:42:49.863,True,True
6648517737,77176.02,7e-05,5.4023214,2026-09-02 17:42:49.863,True,True
6648517738,77176.02,0.00014,10.8046428,2026-09-02 17:42:49.863,True,True
6648517739,77176.02,0.06564,5065.8339528,2026-09-02 17:42:49.863,True,True
6648517740,77176.02,0.00014,10.8046428,2026-09-02 17:42:49.871,True,True
6648517741,77176.02,0.00063,48.6208926,2026-09-02 17:42:50.853,True,True
6648517742,77176.02,0.00187,144.3191574,2026-09-02 17:42:51.130,True,True
6648517743,77176.02,0.011,848.93622,2026-09-02 17:42:51.130,True,True
6648517744,77176.02,0.01208,932.2863216,2026-09-02 17:42:51.580,True,True
6648517745,77176.03,7e-05,5.4023221,2026-09-02 17:42:51.726,False,True
6648517746,77176.03,0.00013,10.0328839,2026-09-02 17:42:52.028,False,True
6648517747,77176.02,0.00112,86.4371424,2026-09-02 17:42:52.485,True,True
6648517748,77176.03,0.00137,105.7311611,2026-09-02 17:42:52.598,False,True
6648517749,77176.03,0.00015,11.5764045,2026-09-02 17:42:52.598,False,True
6648517750,77176.02,0.0013,100.328826,2026-09-02 17:42:52.855,True,True
6648517751,77176.02,8e-05,6.1740816,2026-09-02 17:42:52.904,True,True
6648517752,77176.02,0.00061,47.0773722,2026-09-02 17:42:53.159,True,True
6648517753,77176.02,0.00012,9.2611224,2026-09-02 17:42:54.089,True,True
6648517754,77176.02,0.00073,56.3384946,2026-09-02 17:42:54.155,True,True
6648517755,77176.02,0.00066,50.9361732,2026-09-02 17:42:54.300,True,True
6648517756,77176.02,0.03613,2788.3696026,2026-09-02 17:42:54.310,True,True
6648517757,77176.02,0.00025,19.294005,2026-09-02 17:42:54.637,True,True
6648517758,77176.02,0.00152,117.3075504,2026-09-02 17:42:54.691,True,True
6648517759,77176.02,0.00022,16.9787244,2026-09-02 17:42:54.729,True,True
6648517760,77176.03,0.00235,181.3636705,2026-09-02 17:42:54.795,False,True
6648517761,77176.03,0.00236,182.1354308,2026-09-02 17:42:54.795,False,True
6648517762,77176.02,0.00066,50.9361732,2026-09-02 17:42:55.052,True,True
6648517763,77176.03,0.00012,9.2611236,2026-09-02 17:42:56.191,False,True
6648517764,77176.03,0.00016,12.3481648,2026-09-02 17:42:56.366,False,True
6648517765,77176.02,0.00016,12.3481632,2026-09-02 17:42:56.993,True,True
6648517766,77176.03,0.02087,1610.6637461,2026-09-02 17:42:57.636,False,True
6648517767,77176.02,0.00108,83.3501016,2026-09-02 17:42:58.657,True,True
6648517768,77176.03,0.0002,15.435206,2026-09-02 17:42:58.845,False,True
6648517769,77176.02,0.00131,101.1005862,2026-09-02 17:42:59.250,True,True
6648517770,77176.02,0.00025,19.294005,2026-09-02 17:42:59.283,True,True
6648517771,77176.02,0.01664,1284.2089728,2026-09-02 17:42:59.520,True,True
6648517772,77176.02,0.0056,432.185712,2026-09-02 17:42:59.520,True,True
6648517773,77176.02,0.00059,45.5338518,2026-09-02 17:43:00.772,True,True
6648517774,77176.02,0.00118,91.0677036,2026-09-02 17:43:00.979,True,True
6648517775,77176.03,0.01752,1352.1240456,2026-09-02 17:43:01.013,False,True
6648517776,77176.02,0.07519,5802.8649438,2026-09-02 17:43:01.069,True,True
6648517777,77176.02,7e-05,5.4023214,2026-09-02 17:43:01.069,True,True
6648517778,77176.02,0.04299,3317.7970998,2026-09-02 17:43:01.069,True,True
6648517779,77176.03,0.0001,7.717603,2026-09-02 17:43:01.213,False,True
6648517780,77176.02,9e-05,6.9458418,2026-09-02 17:43:01.268,True,True
6648517781,77176.02,7e-05,5.4023214,2026-09-02 17:43:01.461,True,True
6648517782,77176.02,7e-05,5.4023214,2026-09-02 17:43:01.461,True,True
6648517783,77176.02,7e-05,5.4023214,2026-09-02 17:43:01.461,True,True
6648517784,77176.02,0.005,385.8801,2026-09-02 17:43:01.461,True,True
6648517785,77176.02,7e-05,5.4023214,2026-09-02 17:43:01.461,True,True
6648517786,77176.02,7e-05,5.4023214,2026-09-02 17:43:01.461,True,True
6648517787,77176.02,0.00065,50.164413,2026-09-02 17:43:01.461,True,True
6648517788,77176.02,0.00065,50.164413,2026-09-02 17:43:01.461,True,True
6648517789,77176.02,7e-05,5.4023214,2026-09-02 17:43:01.461,True,True
6648517790,77176.02,7e-05,5.4023214,2026-09-02 17:43:01.461,True,True
6648517791,77176.02,7e-05,5.4023214,2026-09-02 17:43:01.461,True,True
6648517792,77176.02,8e-05,6.1740816,2026-09-02 17:43:01.461,True,True
6648517793,77176.02,7e-05,5.4023214,2026-09-02 17:43:01.461,True,True
6648517794,77176.02,7e-05,5.4023214,2026-09-02 17:43:01.461,True,True
6648517795,77176.02,0.00014,10.8046428,2026-09-02 17:43:01.461,True,True
6648517796,77176.02,7e-05,5.4023214,2026-09-02 17:43:01.461,True,True
6648517797,77176.02,7e-05,5.4023214,2026-09-02 17:43:01.461,True,True
6648517798,77176.02,0.09333,7202.8379466,2026-09-02 17:43:01.461,True,True
6648517799,77176.02,0.00104,80.2630608,2026-09-02 17:43:01.461,True,True
6648517800,77176.02,0.00104,80.2630608,2026-09-02 17:43:01.461,True,True
6648517801,77176.02,0.0015,115.76403,2026-09-02 17:43:01.461,True,True
6648517802,77176.02,0.00023,17.7504846,2026-09-02 17:43:01.461,True,True
6648517803,77176.02,0.00118,91.0677036,2026-09-02 17:43:01.461,True,True
6648517804,77176.02,7e-05,5.4023214,2026-09-02 17:43:01.461,True,True
6648517805,77176.02,7e-05,5.4023214,2026-09-02 17:43:01.461,True,True
6648517806,77176.02,7e-05,5.4023214,2026-09-02 17:43:01.461,True,True
6648517807,77176.02,7e-05,5.4023214,2026-09-02 17:43:01.461,True,True
6648517808,77176.02,7e-05,5.4023214,2026-09-02 17:43:01.461,True,True
6648517809,77176.02,7e-05,5.4023214,2026-09-02 17:43:01.461,True,True
6648517810,77176.02,0.00023,17.7504846,2026-09-02 17:43:01.461,True,True
6648517811,77176.02,7e-05,5.4023214,2026-09-02 17:43:01.461,True,True
6648517812,77176.02,0.00023,17.7504846,2026-09-02 17:43:01.461,True,True
6648517813,77176.02,0.00023,17.7504846,2026-09-02 17:43:01.461,True,True
6648517814,77176.02,0.00023,17.7504846,2026-09-02 17:43:01.461,True,True
6648517815,77176.02,0.00023,17.7504846,2026-09-02 17:43:01.461,True,True
6648517816,77176.02,0.00023,17.7504846,2026-09-02 17:43:01.461,True,True
6648517817,77176.02,0.00023,17.7504846,2026-09-02 17:43:01.461,True,True
6648517818,77176.02,0.00023,17.7504846,2026-09-02 17:43:01.461,True,True
6648517819,77176.02,0.00023,17.7504846,2026-09-02 17:43:01.461,True,True
6648517820,77176.02,0.00023,17.7504846,2026-09-02 17:43:01.461,True,True
6648517821,77176.02,0.00023,17.7504846,2026-09-02 17:43:01.461,True,True
6648517822,77176.02,0.00023,17.7504846,2026-09-02 17:43:01.461,True,True
6648517823,77176.02,0.00023,17.7504846,2026-09-02 17:43:01.461,True,True
6648517824,77176.02,0.00023,17.7504846,2026-09-02 17:43:01.461,True,True
6648517825,77176.02,0.00023,17.7504846,2026-09-02 17:43:01.461,True,True
6648517826,77176.02,0.00023,17.7504846,2026-09-02 17:43:01.461,True,True
6648517827,77176.02,0.00023,17.7504846,2026-09-02 17:43:01.461,True,True
6648517828,77176.02,0.00023,17.7504846,2026-09-02 17:43:01.461,True,True
6648517829,77176.02,0.00023,17.7504846,2026-09-02 17:43:01.461,True,True
6648517830,77176.02,0.00023,17.7504846,2026-09-02 17:43:01.461,True,True
6648517831,77176.02,0.00023,17.7504846,2026-09-02 17:43:01.461,True,True
6648517832,77176.02,0.00023,17.7504846,2026-09-02 17:43:01.461,True,True
6648517833,77176.02,0.00023,17.7504846,2026-09-02 17:43:01.461,True,True
6648517834,77176.02,0.00023,17.7504846,2026-09-02 17:43:01.461,True,True
6648517835,77176.02,0.00023,17.7504846,2026-09-02 17:43:01.461,True,True
6648517836,77176.02,0.00023,17.7504846,2026-09-02 17:43:01.461,True,True
6648517837,77176.02,0.00023,17.7504846,2026-09-02 17:43:01.461,True,True
6648517838,77176.02,0.00023,17.7504846,2026-09-02 17:43:01.461,True,True
6648517839,77176.02,0.00023,17.7504846,2026-09-02 17:43:01.461,True,True
6648517840,77176.02,0.00023,17.7504846,2026-09-02 17:43:01.461,True,True
6648517841,77176.02,0.00023,17.7504846,2026-09-02 17:43:01.461,True,True
6648517842,77176.02,0.00023,17.7504846,2026-09-02 17:43:01.461,True,True
6648517843,77176.02,0.00023,17.7504846,2026-09-02 17:43:01.461,True,True
6648517844,77176.02,0.00023,17.7504846,2026-09-02 17:43:01.461,True,True
6648517845,77176.02,0.00023,17.7504846,2026-09-02 17:43:01.461,True,True
6648517846,77176.02,0.00023,17.7504846,2026-09-02 17:43:01.461,True,True
6648517847,77176.02,0.00023,17.7504846,2026-09-02 17:43:01.461,True,True
6648517848,77176.02,0.00023,17.7504846,2026-09-02 17:43:01.461,True,True
6648517849,77176.02,0.00023,17.7504846,2026-09-02 17:43:01.461,True,True
6648517850,77176.02,0.00023,17.7504846,2026-09-02 17:43:01.461,True,True
6648517851,77176.02,0.00023,17.7504846,2026-09-02 17:43:01.461,True,True
6648517852,77176.02,0.00023,17.7504846,2026-09-02 17:43:01.461,True,True
6648517853,77176.02,0.00023,17.7504846,2026-09-02 17:43:01.461,True,True
6648517854,77176.02,0.00023,17.7504846,2026-09-02 17:43:01.461,True,True
6648517855,77176.02,0.00023,17.7504846,2026-09-02 17:43:01.461,True,True
6648517856,77176.02,0.00023,17.7504846,2026-09-02 17:43:01.461,True,True
6648517857,77176.02,0.00023,17.7504846,2026-09-02 17:43:01.461,True,True
6648517858,77176.02,0.00023,17.7504846,2026-09-02 17:43:01.461,True,True
6648517859,77176.02,0.00023,17.7504846,2026-09-02 17:43:01.461,True,True
6648517860,77176.02,0.00023,17.7504846,2026-09-02 17:43:01.461,True,True
6648517861,77176.02,0.00023,17.7504846,2026-09-02 17:43:01.461,True,True
6648517862,77176.02,0.00023,17.7504846,2026-09-02 17:43:01.461,True,True
6648517863,77176.02,0.00023,17.7504846,2026-09-02 17:43:01.461,True,True
6648517864,77176.02,0.00023,17.7504846,2026-09-02 17:43:01.461,True,True
6648517865,77176.02,0.00023,17.7504846,2026-09-02 17:43:01.461,True,True
6648517866,77176.02,0.00023,17.7504846,2026-09-02 17:43:01.461,True,True
6648517867,77176.02,0.00023,17.7504846,2026-09-02 17:43:01.461,True,True
6648517868,77176.02,0.00023,17.7504846,2026-09-02 17:43:01.461,True,True
6648517869,77176.02,0.00023,17.7504846,2026-09-02 17:43:01.461,True,True
6648517870,77176.02,0.00023,17.7504846,2026-09-02 17:43:01.461,True,True
6648517871,77176.02,0.00023,17.7504846,2026-09-02 17:43:01.461,True,True
6648517872,77176.02,0.00023,17.7504846,2026-09-02 17:43:01.461,True,True
6648517873,77176.02,0.00023,17.7504846,2026-09-02 17:43:01.461,True,True
6648517874,77176.02,0.00023,17.7504846,2026-09-02 17:43:01.461,True,True
6648517875,77176.02,0.00023,17.7504846,2026-09-02 17:43:01.461,True,True
6648517876,77176.02,0.00023,17.7504846,2026-09-02 17:43:01.461,True,True
6648517877,77176.02,0.00023,17.7504846,2026-09-02 17:43:01.461,True,True
6648517878,77176.02,0.00023,17.7504846,2026-09-02 17:43:01.461,True,True
6648517879,77176.02,0.00023,17.7504846,2026-09-02 17:43:01.461,True,True
6648517880,77176.02,0.00023,17.7504846,2026-09-02 17:43:01.461,True,True
6648517881,77176.02,0.00023,17.7504846,2026-09-02 17:43:01.461,True,True
6648517882,77176.02,0.00023,17.7504846,2026-09-02 17:43:01.461,True,True
6648517883,77176.02,0.00023,17.7504846,2026-09-02 17:43:01.461,True,True
6648517884,77176.02,0.00023,17.7504846,2026-09-02 17:43:01.461,True,True
6648517885,77176.02,0.00023,17.7504846,2026-09-02 17:43:01.461,True,True
6648517886,77176.02,0.00023,17.7504846,2026-09-02 17:43:01.461,True,True
6648517887,77176.02,0.00023,17.7504846,2026-09-02 17:43:01.461,True,True
6648517888,77176.02,0.00023,17.7504846,2026-09-02 17:43:01.461,True,True
6648517889,77176.02,0.00023,17.7504846,2026-09-02 17:43:01.461,True,True
6648517890,77176.02,0.00023,17.7504846,2026-09-02 17:43:01.461,True,True
6648517891,77176.02,0.00023,17.7504846,2026-09-02 17:43:01.461,True,True
6648517892,77176.02,0.00023,17.7504846,2026-09-02 17:43:01.461,True,True
6648517893,77176.02,0.00023,17.7504846,2026-09-02 17:43:01.461,True,True
6648517894,77176.02,0.00023,17.7504846,2026-09-02 17:43:01.461,True,True
6648517895,77176.02,0.00023,17.7504846,2026-09-02 17:43:01.461,True,True
6648517896,77176.02,0.00023,17.7504846,2026-09-02 17:43:01.461,True,True
6648517897,77176.02,0.00023,17.7504846,2026-09-02 17:43:01.461,True,True
6648517898,77176.02,0.00023,17.7504846,2026-09-02 17:43:01.461,True,True
6648517899,77176.02,0.00023,17.7504846,2026-09-02 17:43:01.461,True,True
6648517900,77176.02,0.00023,17.7504846,2026-09-02 17:43:01.461,True,True
6648517901,77176.02,0.00023,17.7504846,2026-09-02 17:43:01.461,True,True
6648517902,77176.02,0.00023,17.7504846,2026-09-02 17:43:01.461,True,True
6648517903,77176.02,0.00023,17.7504846,2026-09-02 17:43:01.461,True,True
6648517904,77176.02,0.00023,17.7504846,2026-09-02 17:43:01.461,True,True
6648517905,77176.02,0.00023,17.7504846,2026-09-02 17:43:01.461,True,True
6648517906,77176.02,0.00023,17.7504846,2026-09-02 17:43:01.461,True,True
6648517907,77176.02,0.00023,17.7504846,2026-09-02 17:43:01.461,True,True
6648517908,77176.02,0.00023,17.7504846,2026-09-02 17:43:01.461,True,True
6648517909,77176.02,0.00023,17.7504846,2026-09-02 17:43:01.461,True,True
6648517910,77176.01,7e-05,5.4023207,2026-09-02 17:43:01.461,True,True
6648517911,77176.01,7e-05,5.4023207,2026-09-02 17:43:01.461,True,True
6648517912,77176.01,7e-05,5.4023207,2026-09-02 17:43:01.461,True,True
6648517913,77176.01,7e-05,5.4023207,2026-09-02 17:43:01.461,True,True
6648517914,77176.01,7e-05,5.4023207,2026-09-02 17:43:01.461,True,True
6648517915,77176.01,7e-05,5.4023207,2026-09-02 17:43:01.461,True,True
6648517916,77175.86,0.0018,138.916548,2026-09-02 17:43:01.461,True,True
6648517917,77174.92,7e-05,5.4022444,2026-09-02 17:43:01.465,True,True
6648517918,77174.92,7e-05,5.4022444,2026-09-02 17:43:01.465,True,True
6648517919,77174.92,7e-05,5.4022444,2026-09-02 17:43:01.465,True,True
6648517920,77174.92,7e-05,5.4022444,2026-09-02 17:43:01.465,True,True
6648517921,77174.92,7e-05,5.4022444,2026-09-02 17:43:01.465,True,True
6648517922,77174.89,7e-05,5.4022423,2026-09-02 17:43:01.465,True,True
6648517923,77174.89,7e-05,5.4022423,2026-09-02 17:43:01.465,True,True
6648517924,77174.83,7e-05,5.4022381,2026-09-02 17:43:01.465,True,True
6648517925,77174.75,0.0001,7.717475,2026-09-02 17:43:01.465,True,True
6648517926,77174.16,7e-05,5.4021912,2026-09-02 17:43:01.465,True,True
6648517927,77174.16,7e-05,5.4021912,2026-09-02 17:43:01.465,True,True
6648517928,77174.15,7e-05,5.4021905,2026-09-02 17:43:01.465,True,True
6648517929,77174.15,7e-05,5.4021905,2026-09-02 17:43:01.465,True,True
6648517930,77174.06,7e-05,5.4021842,2026-09-02 17:43:01.465,True,True
6648517931,77174.06,7e-05,5.4021842,2026-09-02 17:43:01.465,True,True
6648517932,77174.06,7e-05,5.4021842,2026-09-02 17:43:01.465,True,True
6648517933,77173.77,7e-05,5.4021639,2026-09-02 17:43:01.475,True,True
6648517934,77173.77,2e-05,1.5434754,2026-09-02 17:43:01.475,True,True
6648517935,77173.77,5e-05,3.8586885,2026-09-02 17:43:01.483,True,True
6648517936,77173.77,7e-05,5.4021639,2026-09-02 17:43:01.483,True,True
6648517937,77173.77,7e-05,5.4021639,2026-09-02 17:43:01.483,True,True
6648517938,77173.77,7e-05,5.4021639,2026-09-02 17:43:01.483,True,True
6648517939,77173.77,5e-05,3.8586885,2026-09-02 17:43:01.483,True,True
6648517940,77173.77,2e-05,1.5434754,2026-09-02 17:43:01.486,True,True
6648517941,77173.77,7e-05,5.4021639,2026-09-02 17:43:01.486,True,True
6648517942,77173.77,7e-05,5.4021639,2026-09-02 17:43:01.486,True,True
6648517943,77173.77,7e-05,5.4021639,2026-09-02 17:43:01.486,True,True
6648517944,77173.77,7e-05,5.4021639,2026-09-02 17:43:01.486,True,True
6648517945,77173.77,7e-05,5.4021639,2026-09-02 17:43:01.486,True,True
6648517946,77173.77,7e-05,5.4021639,2026-09-02 17:43:01.486,True,True
6648517947,77173.77,7e-05,5.4021639,2026-09-02 17:43:01.486,True,True
6648517948,77173.77,7e-05,5.4021639,2026-09-02 17:43:01.486,True,True
6648517949,77173.77,8e-05,6.1739016,2026-09-02 17:43:01.486,True,True
6648517950,77173.77,7e-05,5.4021639,2026-09-02 17:43:01.486,True,True
6648517951,77173.77,5e-05,3.8586885,2026-09-02 17:43:01.486,True,True
6648517952,77173.77,2e-05,1.5434754,2026-09-02 17:43:01.506,True,True
6648517953,77173.77,7e-05,5.4021639,2026-09-02 17:43:01.506,True,True
6648517954,77173.77,7e-05,5.4021639,2026-09-02 17:43:01.506,True,True
6648517955,77173.77,7e-05,5.4021639,2026-09-02 17:43:01.506,True,True
6648517956,77173.77,7e-05,5.4021639,2026-09-02 17:43:01.506,True,True
6648517957,77173.77,7e-05,5.4021639,2026-09-02 17:43:01.506,True,True
6648517958,77173.77,7e-05,5.4021639,2026-09-02 17:43:01.506,True,True
6648517959,77173.77,7e-05,5.4021639,2026-09-02 17:43:01.506,True,True
6648517960,77173.77,8e-05,6.1739016,2026-09-02 17:43:01.506,True,True
6648517961,77173.77,7e-05,5.4021639,2026-09-02 17:43:01.506,True,True
6648517962,77173.77,7e-05,5.4021639,2026-09-02 17:43:01.506,True,True
6648517963,77173.77,7e-05,5.4021639,2026-09-02 17:43:01.506,True,True
6648517964,77173.77,7e-05,5.4021639,2026-09-02 17:43:01.506,True,True
6648517965,77173.77,7e-05,5.4021639,2026-09-02 17:43:01.506,True,True
6648517966,77173.77,7e-05,5.4021639,2026-09-02 17:43:01.506,True,True
6648517967,77173.76,7e-05,5.4021632,2026-09-02 17:43:01.506,True,True
6648517968,77173.76,7e-05,5.4021632,2026-09-02 17:43:01.506,True,True
6648517969,77173.76,7e-05,5.4021632,2026-09-02 17:43:01.506,True,True
6648517970,77173.76,7e-05,5.4021632,2026-09-02 17:43:01.532,True,True
6648517971,77173.76,7e-05,5.4021632,2026-09-02 17:43:01.532,True,True
6648517972,77173.76,7e-05,5.4021632,2026-09-02 17:43:01.532,True,True
6648517973,77173.76,7e-05,5.4021632,2026-09-02 17:43:01.532,True,True
6648517974,77173.76,7e-05,5.4021632,2026-09-02 17:43:01.532,True,True
6648517975,77173.76,7e-05,5.4021632,2026-09-02 17:43:01.532,True,True
6648517976,77173.76,7e-05,5.4021632,2026-09-02 17:43:01.532,True,True
6648517977,77173.76,7e-05,5.4021632,2026-09-02 17:43:01.532,True,True
6648517978,77173.76,7e-05,5.4021632,2026-09-02 17:43:01.532,True,True
6648517979,77173.76,7e-05,5.4021632,2026-09-02 17:43:01.532,True,True
6648517980,77173.76,7e-05,5.4021632,2026-09-02 17:43:01.532,True,True
6648517981,77173.76,1e-05,0.7717376,2026-09-02 17:43:01.532,True,True
6648517982,77173.76,6e-05,4.6304256,2026-09-02 17:43:01.635,True,True
6648517983,77173.76,7e-05,5.4021632,2026-09-02 17:43:01.635,True,True
6648517984,77173.76,7e-05,5.4021632,2026-09-02 17:43:01.635,True,True
6648517985,77173.76,7e-05,5.4021632,2026-09-02 17:43:01.635,True,True
6648517986,77173.76,8e-05,6.1739008,2026-09-02 17:43:01.635,True,True
6648517987,77173.76,7e-05,5.4021632,2026-09-02 17:43:01.635,True,True
6648517988,77173.76,7e-05,5.4021632,2026-09-02 17:43:01.635,True,True
6648517989,77173.76,7e-05,5.4021632,2026-09-02 17:43:01.635,True,True
6648517990,77173.76,7e-05,5.4021632,2026-09-02 17:43:01.635,True,True
6648517991,77173.76,7e-05,5.4021632,2026-09-02 17:43:01.635,True,True
6648517992,77173.76,7e-05,5.4021632,2026-09-02 17:43:01.635,True,True
6648517993,77173.76,7e-05,5.4021632,2026-09-02 17:43:01.635,True,True
6648517994,77173.76,7e-05,5.4021632,2026-09-02 17:43:01.635,True,True
6648517995,77173.76,7e-05,5.4021632,2026-09-02 17:43:01.635,True,True
6648517996,77173.76,7e-05,5.4021632,2026-09-02 17:43:01.635,True,True
6648517997,77173.76,7e-05,5.4021632,2026-09-02 17:43:01.635,True,True
6648517998,77173.76,7e-05,5.4021632,2026-09-02 17:43:01.635,True,True
6648517999,77173.76,0.0035,270.10816,2026-09-02 17:43:01.635,True,True
6648518000,77173.76,7e-05,5.4021632,2026-09-02 17:43:01.635,True,True
6648518001,77173.76,7e-05,5.4021632,2026-09-02 17:43:01.635,True,True
6648518002,77173.76,7e-05,5.4021632,2026-09-02 17:43:01.635,True,True
6648518003,77173.75,7e-05,5.4021625,2026-09-02 17:43:01.635,True,True
6648518004,77173.75,7e-05,5.4021625,2026-09-02 17:43:01.635,True,True
6648518005,77173.75,7e-05,5.4021625,2026-09-02 17:43:01.635,True,True
6648518006,77173.75,7e-05,5.4021625,2026-09-02 17:43:01.635,True,True
6648518007,77173.75,7e-05,5.4021625,2026-09-02 17:43:01.635,True,True
6648518008,77173.75,7e-05,5.4021625,2026-09-02 17:43:01.635,True,True
6648518009,77173.75,7e-05,5.4021625,2026-09-02 17:43:01.635,True,True
6648518010,77173.74,8e-05,6.1738992,2026-09-02 17:43:01.635,True,True
6648518011,77173.41,7e-05,5.4021387,2026-09-02 17:43:01.635,True,True
6648518012,77173.41,7e-05,5.4021387,2026-09-02 17:43:01.635,True,True
6648518013,77172.98,7e-05,5.4021086,2026-09-02 17:43:01.635,True,True
6648518014,77172.64,7e-05,5.4020848,2026-09-02 17:43:01.635,True,True
6648518015,77172.63,7e-05,5.4020841,2026-09-02 17:43:01.850,True,True
6648518016,77172.63,0.00129,99.5526927,2026-09-02 17:43:01.850,True,True
6648518017,77172.64,0.00095,73.314008,2026-09-02 17:43:02.415,False,True
6648518018,77172.63,0.0004,30.869052,2026-09-02 17:43:02.624,True,True
6648518019,77172.64,0.04513,3482.8012432,2026-09-02 17:43:02.642,False,True
6648518020,77172.64,0.00152,117.3024128,2026-09-02 17:43:03.073,False,True
6648518021,77172.64,0.0001,7.717264,2026-09-02 17:43:03.302,False,True
6648518022,77172.63,0.00038,29.3255994,2026-09-02 17:43:03.949,True,True
6648518023,77172.63,0.00012,9.2607156,2026-09-02 17:43:05.589,True,True
6648518024,77172.63,0.06097,4705.2152511,2026-09-02 17:43:05.793,True,True
6648518025,77172.63,0.00152,117.3023976,2026-09-02 17:43:06.624,True,True
6648518026,77172.64,0.00149,114.9872336,2026-09-02 17:43:06.636,False,True
6648518027,77172.64,7e-05,5.4020848,2026-09-02 17:43:07.151,False,True
6648518028,77172.63,0.00014,10.8041682,2026-09-02 17:43:07.349,True,True
6648518029,77172.64,0.01403,1082.7321392,2026-09-02 17:43:07.545,False,True
6648518030,77172.64,0.38107,29408.1779248,2026-09-02 17:43:07.600,False,True
6648518031,77172.64,0.33777,26066.6026128,2026-09-02 17:43:07.600,False,True
6648518032,77172.64,0.28126,21705.5767264,2026-09-02 17:43:07.600,False,True
6648518033,77172.63,0.00033,25.4669679,2026-09-02 17:43:07.848,True,True
6648518034,77172.64,0.00012,9.2607168,2026-09-02 17:43:08.001,False,True
6648518035,77172.63,0.01725,1331.2278675,2026-09-02 17:43:08.164,True,True
6648518036,77172.64,0.00015,11.575896,2026-09-02 17:43:08.371,False,True
6648518037,77172.64,0.0012,92.607168,2026-09-02 17:43:08.580,False,True
6648518038,77172.64,0.00259,199.8771376,2026-09-02 17:43:08.919,False,True
6648518039,77172.64,7e-05,5.4020848,2026-09-02 17:43:09.384,False,True
6648518040,77172.64,8e-05,6.1738112,2026-09-02 17:43:09.384,False,True
6648518041,77172.64,0.0195,1504.86648,2026-09-02 17:43:09.823,False,True
6648518042,77172.63,0.00032,24.6952416,2026-09-02 17:43:09.846,True,True
6648518043,77172.63,0.00012,9.2607156,2026-09-02 17:43:09.974,True,True
6648518044,77172.63,0.00022,16.9779786,2026-09-02 17:43:09.986,True,True
6648518045,77172.64,9e-05,6.9455376,2026-09-02 17:43:10.147,False,True
6648518046,77172.64,7e-05,5.4020848,2026-09-02 17:43:10.780,False,True
6648518047,77172.64,8e-05,6.1738112,2026-09-02 17:43:10.780,False,True
6648518048,77172.64,7e-05,5.4020848,2026-09-02 17:43:10.780,False,True
6648518049,77172.64,0.0013,100.324432,2026-09-02 17:43:10.780,False,True
6648518050,77172.64,0.00016,12.3476224,2026-09-02 17:43:10.998,False,True
6648518051,77172.63,0.00337,260.0717631,2026-09-02 17:43:11.719,True,True
6648518052,77172.63,7e-05,5.4020841,2026-09-02 17:43:11.719,True,True
6648518053,77172.63,0.0035,270.104205,2026-09-02 17:43:11.719,True,True
6648518054,77172.63,7e-05,5.4020841,2026-09-02 17:43:11.719,True,True
6648518055,77172.63,7e-05,5.4020841,2026-09-02 17:43:11.719,True,True
6648518056,77172.63,8e-05,6.1738104,2026-09-02 17:43:11.719,True,True
6648518057,77172.63,7e-05,5.4020841,2026-09-02 17:43:11.719,True,True
6648518058,77172.63,0.00014,10.8041682,2026-09-02 17:43:11.719,True,True
6648518059,77172.63,7e-05,5.4020841,2026-09-02 17:43:11.719,True,True
6648518060,77172.63,0.04075,3144.7846725,2026-09-02 17:43:11.719,True,True
6648518061,77172.64,0.00017,13.1193488,2026-09-02 17:43:11.868,False,True
6648518062,77172.63,9e-05,6.9455367,2026-09-02 17:43:11.893,True,True
6648518063,77172.64,0.00012,9.2607168,2026-09-02 17:43:11.939,False,True
6648518064,77172.63,0.00152,117.3023976,2026-09-02 17:43:12.252,True,True
6648518065,77172.63,0.01293,997.8421059,2026-09-02 17:43:12.454,True,True
6648518066,77172.64,9e-05,6.9455376,2026-09-02 17:43:12.458,False,True
6648518067,77172.63,0.00128,98.7809664,2026-09-02 17:43:13.866,True,True
6648518068,77172.63,0.00012,9.2607156,2026-09-02 17:43:13.870,True,True
6648518069,77172.63,0.0012,92.607156,2026-09-02 17:43:13.940,True,True
6648518070,77172.64,0.00013,10.0324432,2026-09-02 17:43:14.166,False,True
6648518071,77172.63,0.01136,876.6810768,2026-09-02 17:43:15.338,True,True
6648518072,77172.63,9e-05,6.9455367,2026-09-02 17:43:15.720,True,True
6648518073,77172.64,0.00012,9.2607168,2026-09-02 17:43:15.785,False,True
6648518074,77172.63,0.00023,17.7497049,2026-09-02 17:43:15.931,True,True
6648518075,77172.63,0.2,15434.526,2026-09-02 17:43:16.209,True,True
6648518076,77172.63,7e-05,5.4020841,2026-09-02 17:43:16.209,True,True
6648518077,77172.63,0.00037,28.5538731,2026-09-02 17:43:16.209,True,True
6648518078,77172.63,7e-05,5.4020841,2026-09-02 17:43:16.209,True,True
6648518079,77172.63,7e-05,5.4020841,2026-09-02 17:43:16.209,True,True
6648518080,77172.63,7e-05,5.4020841,2026-09-02 17:43:16.209,True,True
6648518081,77172.63,0.00069,53.2491147,2026-09-02 17:43:16.209,True,True
6648518082,77172.63,0.00904,697.6405752,2026-09-02 17:43:16.209,True,True
6648518083,77172.63,0.00047,36.2711361,2026-09-02 17:43:16.209,True,True
6648518084,77172.63,0.00116,89.5202508,2026-09-02 17:43:16.209,True,True
6648518085,77172.63,7e-05,5.4020841,2026-09-02 17:43:16.209,True,True
6648518086,77172.63,7e-05,5.4020841,2026-09-02 17:43:16.209,True,True
6648518087,77172.63,7e-05,5.4020841,2026-09-02 17:43:16.209,True,True
6648518088,77172.63,8e-05,6.1738104,2026-09-02 17:43:16.209,True,True
6648518089,77172.63,0.00014,10.8041682,2026-09-02 17:43:16.209,True,True
6648518090,77172.63,7e-05,5.4020841,2026-09-02 17:43:16.209,True,True
6648518091,77172.63,7e-05,5.4020841,2026-09-02 17:43:16.209,True,True
6648518092,77172.63,7e-05,5.4020841,2026-09-02 17:43:16.209,True,True
6648518093,77172.63,7e-05,5.4020841,2026-09-02 17:43:16.209,True,True
6648518094,77172.63,7e-05,5.4020841,2026-09-02 17:43:16.209,True,True
6648518095,77172.63,7e-05,5.4020841,2026-09-02 17:43:16.209,True,True
6648518096,77172.63,0.00028,21.6083364,2026-09-02 17:43:16.209,True,True
6648518097,77172.63,7e-05,5.4020841,2026-09-02 17:43:16.209,True,True
6648518098,77172.63,7e-05,5.4020841,2026-09-02 17:43:16.209,True,True
6648518099,77172.63,7e-05,5.4020841,2026-09-02 17:43:16.209,True,True
6648518100,77172.63,7e-05,5.4020841,2026-09-02 17:43:16.209,True,True
6648518101,77172.63,7e-05,5.4020841,2026-09-02 17:43:16.209,True,True
6648518102,77172.63,7e-05,5.4020841,2026-09-02 17:43:16.209,True,True
6648518103,77172.63,7e-05,5.4020841,2026-09-02 17:43:16.209,True,True
6648518104,77172.63,7e-05,5.4020841,2026-09-02 17:43:16.209,True,True
6648518105,77172.63,7e-05,5.4020841,2026-09-02 17:43:16.209,True,True
6648518106,77172.63,7e-05,5.4020841,2026-09-02 17:43:16.209,True,True
6648518107,77172.63,7e-05,5.4020841,2026-09-02 17:43:16.209,True,True
6648518108,77172.63,7e-05,5.4020841,2026-09-02 17:43:16.209,True,True
6648518109,77172.63,7e-05,5.4020841,2026-09-02 17:43:16.209,True,True
6648518110,77172.63,7e-05,5.4020841,2026-09-02 17:43:16.209,True,True
6648518111,77172.62,9e-05,6.9455358,2026-09-02 17:43:16.212,True,True
6648518112,77172.62,0.00062,47.8470244,2026-09-02 17:43:16.212,True,True
6648518113,77172.62,7e-05,5.4020834,2026-09-02 17:43:16.212,True,True
6648518114,77172.62,7e-05,5.4020834,2026-09-02 17:43:16.212,True,True
6648518115,77172.62,7e-05,5.4020834,2026-09-02 17:43:16.212,True,True
6648518116,77172.62,7e-05,5.4020834,2026-09-02 17:43:16.212,True,True
6648518117,77172.62,7e-05,5.4020834,2026-09-02 17:43:16.212,True,True
6648518118,77172.62,7e-05,5.4020834,2026-09-02 17:43:16.212,True,True
6648518119,77172.62,7e-05,5.4020834,2026-09-02 17:43:16.212,True,True
6648518120,77172.62,7e-05,5.4020834,2026-09-02 17:43:16.212,True,True
6648518121,77172.62,7e-05,5.4020834,2026-09-02 17:43:16.212,True,True
6648518122,77172.01,2e-05,1.5434402,2026-09-02 17:43:16.212,True,True
6648518123,77172.62,7e-05,5.4020834,2026-09-02 17:43:16.212,True,True
6648518124,77172.0,0.005,385.86,2026-09-02 17:43:16.310,True,True
6648518125,77172.0,0.01,771.72,2026-09-02 17:43:16.310,True,True
6648518126,77172.0,0.005,385.86,2026-09-02 17:43:16.310,True,True
6648518127,77172.0,0.01,771.72,2026-09-02 17:43:16.310,True,True
6648518128,77172.0,7e-05,5.40204,2026-09-02 17:43:16.310,True,True
6648518129,77172.0,7e-05,5.40204,2026-09-02 17:43:16.310,True,True
6648518130,77172.0,7e-05,5.40204,2026-09-02 17:43:16.310,True,True
6648518131,77172.0,7e-05,5.40204,2026-09-02 17:43:16.310,True,True
6648518132,77172.0,7e-05,5.40204,2026-09-02 17:43:16.310,True,True
6648518133,77172.0,0.00014,10.80408,2026-09-02 17:43:16.310,True,True
6648518134,77172.0,7e-05,5.40204,2026-09-02 17:43:16.310,True,True
6648518135,77172.0,7e-05,5.40204,2026-09-02 17:43:16.310,True,True
6648518136,77172.0,8e-05,6.17376,2026-09-02 17:43:16.310,True,True
6648518137,77172.0,7e-05,5.40204,2026-09-02 17:43:16.310,True,True
6648518138,77172.0,7e-05,5.40204,2026-09-02 17:43:16.310,True,True
6648518139,77172.0,7e-05,5.40204,2026-09-02 17:43:16.310,True,True
6648518140,77172.0,7e-05,5.40204,2026-09-02 17:43:16.310,True,True
6648518141,77172.0,7e-05,5.40204,2026-09-02 17:43:16.310,True,True
6648518142,77172.0,7e-05,5.40204,2026-09-02 17:43:16.310,True,True
6648518143,77172.0,7e-05,5.40204,2026-09-02 17:43:16.310,True,True
6648518144,77172.0,7e-05,5.40204,2026-09-02 17:43:16.310,True,True
6648518145,77172.0,7e-05,5.40204,2026-09-02 17:43:16.310,True,True
6648518146,77172.0,7e-05,5.40204,2026-09-02 17:43:16.310,True,True
6648518147,77172.0,7e-05,5.40204,2026-09-02 17:43:16.310,True,True
6648518148,77171.99,7e-05,5.4020393,2026-09-02 17:43:16.310,True,True
6648518149,77171.99,7e-05,5.4020393,2026-09-02 17:43:16.310,True,True
6648518150,77171.99,7e-05,5.4020393,2026-09-02 17:43:16.310,True,True
6648518151,77171.99,7e-05,5.4020393,2026-09-02 17:43:16.310,True,True
6648518152,77171.99,7e-05,5.4020393,2026-09-02 17:43:16.310,True,True
6648518153,77171.99,7e-05,5.4020393,2026-09-02 17:43:16.310,True,True
6648518154,77171.85,7e-05,5.4020295,2026-09-02 17:43:16.310,True,True
6648518155,77171.85,7e-05,5.4020295,2026-09-02 17:43:16.310,True,True
6648518156,77171.84,7e-05,5.4020288,2026-09-02 17:43:16.310,True,True
6648518157,77171.84,7e-05,5.4020288,2026-09-02 17:43:16.310,True,True
6648518158,77171.11,0.00323,249.2626853,2026-09-02 17:43:16.310,True,True
6648518159,77171.07,7e-05,5.4019749,2026-09-02 17:43:16.310,True,True
6648518160,77171.07,7e-05,5.4019749,2026-09-02 17:43:16.310,True,True
6648518161,77170.68,7e-05,5.4019476,2026-09-02 17:43:16.312,True,True
6648518162,77170.68,7e-05,5.4019476,2026-09-02 17:43:16.312,True,True
6648518163,77170.63,7e-05,5.4019441,2026-09-02 17:43:16.312,True,True
6648518164,77170.63,7e-05,5.4019441,2026-09-02 17:43:16.312,True,True
6648518165,77170.56,7e-05,5.4019392,2026-09-02 17:43:16.312,True,True
6648518166,77170.56,7e-05,5.4019392,2026-09-02 17:43:16.312,True,True
6648518167,77170.47,7e-05,5.4019329,2026-09-02 17:43:16.312,True,True
6648518168,77170.47,7e-05,5.4019329,2026-09-02 17:43:16.312,True,True
6648518169,77170.0,0.00149,114.9833,2026-09-02 17:43:16.339,True,True
6648518170,77170.01,9e-05,6.9453009,2026-09-02 17:43:16.386,False,True
6648518171,77170.01,0.0064,493.888064,2026-09-02 17:43:16.960,False,True
6648518172,77170.01,0.00261,201.4137261,2026-09-02 17:43:17.038,False,True
6648518173,77170.01,0.00012,9.2604012,2026-09-02 17:43:17.198,False,True
6648518174,77170.01,0.00152,117.2984152,2026-09-02 17:43:17.295,False,True
6648518175,77170.01,9e-05,6.9453009,2026-09-02 17:43:17.304,False,True
6648518176,77170.01,0.04026,3106.8646026,2026-09-02 17:43:17.636,False,True
6648518177,77170.0,0.00012,9.2604,2026-09-02 17:43:17.656,True,True
6648518178,77170.01,0.01725,1331.1826725,2026-09-02 17:43:18.043,False,True
6648518179,77170.0,0.00275,212.2175,2026-09-02 17:43:18.212,True,True
6648518180,77170.0,0.00064,49.3888,2026-09-02 17:43:18.480,True,True
6648518181,77170.0,0.00065,50.1605,2026-09-02 17:43:18.480,True,True
6648518182,77170.01,0.0012,92.604012,2026-09-02 17:43:18.580,False,True
6648518183,77170.0,0.00019,14.6623,2026-09-02 17:43:18.971,True,True
6648518184,77170.01,0.00012,9.2604012,2026-09-02 17:43:19.483,False,True
6648518185,77170.0,0.00126,97.2342,2026-09-02 17:43:20.107,True,True
6648518186,77170.0,0.0079,609.643,2026-09-02 17:43:20.516,True,True
6648518187,77170.0,0.005,385.85,2026-09-02 17:43:20.516,True,True
6648518188,77170.0,0.00435,335.6895,2026-09-02 17:43:20.516,True,True
6648518189,77170.01,9e-05,6.9453009,2026-09-02 17:43:20.746,False,True
6648518190,77170.01,6e-05,4.6302006,2026-09-02 17:43:20.968,False,True
6648518191,77170.0,0.00012,9.2604,2026-09-02 17:43:21.176,True,True
6648518192,77170.0,0.00152,117.2984,2026-09-02 17:43:21.501,True,True
6648518193,77170.0,0.00267,206.0439,2026-09-02 17:43:22.536,True,True
6648518194,77170.0,0.00017,13.1189,2026-09-02 17:43:22.738,True,True
6648518195,77170.01,0.01725,1331.1826725,2026-09-02 17:43:22.888,False,True
6648518196,77170.01,0.00012,9.2604012,2026-09-02 17:43:22.910,False,True
6648518197,77170.0,0.00117,90.2889,2026-09-02 17:43:23.224,True,True
6648518198,77170.0,3e-05,2.3151,2026-09-02 17:43:23.224,True,True
6648518199,77170.01,0.0001,7.717001,2026-09-02 17:43:24.257,False,True
6648518200,77170.0,4e-05,3.0868,2026-09-02 17:43:24.709,True,True
6648518201,77170.0,7e-05,5.4019,2026-09-02 17:43:24.709,True,True
6648518202,77170.0,1e-05,0.7717,2026-09-02 17:43:24.709,True,True
6648518203,77170.0,6e-05,4.6302,2026-09-02 17:43:25.257,True,True
6648518204,77170.0,7e-05,5.4019,2026-09-02 17:43:25.257,True,True
6648518205,77170.0,7e-05,5.4019,2026-09-02 17:43:25.311,True,True
6648518206,77170.0,8e-05,6.1736,2026-09-02 17:43:25.311,True,True
6648518207,77170.0,0.0035,270.095,2026-09-02 17:43:25.311,True,True
6648518208,77170.0,0.00972,750.0924,2026-09-02 17:43:25.311,True,True
6648518209,77170.0,7e-05,5.4019,2026-09-02 17:43:25.311,True,True
6648518210,77170.0,0.0025,192.925,2026-09-02 17:43:25.311,True,True
6648518211,77170.0,0.00131,101.0927,2026-09-02 17:43:25.311,True,True
6648518212,77170.01,0.00019,14.6623019,2026-09-02 17:43:25.842,False,True
6648518213,77170.0,0.00051,39.3567,2026-09-02 17:43:26.101,True,True
6648518214,77170.01,0.00012,9.2604012,2026-09-02 17:43:26.434,False,True
6648518215,77170.01,0.00372,287.0724372,2026-09-02 17:43:26.651,False,True
6648518216,77170.01,0.00026,20.0642026,2026-09-02 17:43:26.849,False,True
6648518217,77170.01,0.00152,117.2984152,2026-09-02 17:43:26.884,False,True
6648518218,77170.01,0.11283,8707.0922283,2026-09-02 17:43:26.973,False,True
6648518219,77170.01,0.0015,115.755015,2026-09-02 17:43:27.932,False,True
6648518220,77170.01,0.0001,7.717001,2026-09-02 17:43:28.018,False,True
6648518221,77170.0,0.00012,9.2604,2026-09-02 17:43:28.135,True,True
6648518222,77170.01,0.00142,109.5814142,2026-09-02 17:43:29.365,False,True
6648518223,77170.01,0.0001,7.717001,2026-09-02 17:43:29.737,False,True
6648518224,77170.0,0.00037,28.5529,2026-09-02 17:43:29.948,True,True
6648518225,77170.0,0.00152,117.2984,2026-09-02 17:43:30.351,True,True
6648518226,77170.01,0.00012,9.2604012,2026-09-02 17:43:30.639,False,True
6648518227,77170.01,0.01725,1331.1826725,2026-09-02 17:43:30.711,False,True
6648518228,77170.0,0.00125,96.4625,2026-09-02 17:43:31.114,True,True
6648518229,77170.01,0.00212,163.6004212,2026-09-02 17:43:31.318,False,True
6648518230,77170.0,0.00012,9.2604,2026-09-02 17:43:32.354,True,True
6648518231,77170.0,0.00027,20.8359,2026-09-02 17:43:32.408,True,True
6648518232,77170.0,0.00113,87.2021,2026-09-02 17:43:32.409,True,True
6648518233,77170.0,0.01725,1331.1825,2026-09-02 17:43:32.952,True,True
6648518234,77170.0,0.00953,735.4301,2026-09-02 17:43:33.241,True,True
6648518235,77170.01,0.01295,999.3516295,2026-09-02 17:43:33.428,False,True
6648518236,77170.01,0.00012,9.2604012,2026-09-02 17:43:34.081,False,True
6648518237,77170.01,0.00407,314.0819407,2026-09-02 17:43:34.749,False,True
6648518238,77170.0,0.00012,9.2604,2026-09-02 17:43:35.770,True,True
6648518239,77170.01,0.0098,756.266098,2026-09-02 17:43:35.817,False,True
6648518240,77170.01,7e-05,5.4019007,2026-09-02 17:43:35.817,False,True
6648518241,77170.01,8e-05,6.1736008,2026-09-02 17:43:35.817,False,True
6648518242,77170.01,7e-05,5.4019007,2026-09-02 17:43:35.817,False,True
6648518243,77170.01,7e-05,5.4019007,2026-09-02 17:43:35.817,False,True
6648518244,77170.01,7e-05,5.4019007,2026-09-02 17:43:35.817,False,True
6648518245,77170.01,7e-05,5.4019007,2026-09-02 17:43:35.817,False,True
6648518246,77170.01,7e-05,5.4019007,2026-09-02 17:43:35.817,False,True
6648518247,77170.01,0.00048,37.0416048,2026-09-02 17:43:35.817,False,True
6648518248,77170.01,0.00069,53.2473069,2026-09-02 17:43:35.817,False,True
6648518249,77170.01,0.00578,446.0426578,2026-09-02 17:43:35.817,False,True
6648518250,77170.0,0.00381,294.0177,2026-09-02 17:43:36.145,True,True
6648518251,77170.01,0.00647,499.2899647,2026-09-02 17:43:36.153,False,True
6648518252,77170.01,0.00158,121.9286158,2026-09-02 17:43:36.644,False,True
6648518253,77170.01,0.0001,7.717001,2026-09-02 17:43:37.639,False,True
6648518254,77170.01,0.00152,117.2984152,2026-09-02 17:43:37.856,False,True
6648518255,77170.01,0.00012,9.2604012,2026-09-02 17:43:38.182,False,True
6648518256,77170.0,9e-05,6.9453,2026-09-02 17:43:38.453,True,True
6648518257,77170.01,0.00372,287.0724372,2026-09-02 17:43:39.249,False,True
6648518258,77170.0,0.00152,117.2984,2026-09-02 17:43:39.439,True,True
6648518259,77170.01,0.0041,316.397041,2026-09-02 17:43:39.658,False,True
6648518260,77170.01,0.002,154.34002,2026-09-02 17:43:40.019,False,True
6648518261,77170.0,0.0002,15.434,2026-09-02 17:43:40.142,True,True
6648518262,77170.0,0.00033,25.4661,2026-09-02 17:43:40.235,True,True
6648518263,77170.01,0.00253,195.2401253,2026-09-02 17:43:41.608,False,True
6648518264,77170.01,0.00152,117.2984152,2026-09-02 17:43:41.656,False,True
6648518265,77170.0,0.01725,1331.1825,2026-09-02 17:43:42.063,True,True
6648518266,77170.01,0.02241,1729.3799241,2026-09-02 17:43:42.644,False,True
6648518267,77170.01,0.00977,753.9509977,2026-09-02 17:43:42.644,False,True
6648518268,77170.0,0.00027,20.8359,2026-09-02 17:43:43.320,True,True
