tx_hash,timestamp,num_inputs,num_outputs,total_input_btc,total_output_btc,fee_btc,tx_size_bytes,output_to_input_ratio,avg_output_value_btc,rolling_5_avg_fee_btc,rolling_5_avg_output_btc,amount_deviation_from_rolling_avg
1c60a0d00ec6bc01c06ba1abd602f91302393d48d6d1cf67b29457b5fe505bd8,2026-09-02 05:46:24+00:00,1,2,0.10253915,0.10253433,4.82e-06,223,2.0,0.051267165,4.82e-06,0.10253433,0.0
45f1fa618786f34edee6509fab9e62e8eeb6f6573363900338ad4064b387d820,2026-09-02 05:46:25+00:00,1,2,0.070257,0.0702286,2.84e-05,223,2.0,0.0351143,1.661e-05,0.086381465,-0.016152865000000002
1a58ca6428e15e2e3022c21b926f89f527ee929dc0f26657b3f621b97964c359,2026-09-02 05:46:25+00:00,1,1,0.00021085,0.00020865,2.2e-06,191,1.0,0.00020865,1.1806666666666665e-05,0.057657193333333336,-0.05744854333333334
873b7419b5fb0d56bb0ebdf9de449d7e421b30d6ddae8a9e1351cdb785836c78,2026-09-02 05:46:27+00:00,1,2,0.03601748,0.03601452,2.96e-06,249,2.0,0.01800726,9.594999999999999e-06,0.052246525,-0.016232005
c1f75e9bb669a9425fbcb91655852befcc0e9fcfb6ce93c60468cef0c4ea5775,2026-09-02 05:46:27+00:00,1,2,0.02715953,0.02715671,2.82e-06,223,2.0,0.013578355,8.239999999999999e-06,0.047228562,-0.020071852
ff0ea0995c9a94a621de28054e864d233db804c198dc85332a59d550a0fdd787,2026-09-02 05:46:27+00:00,1,2,0.00015402,0.00014769,6.33e-06,221,2.0,7.3845e-05,8.542e-06,0.026751234000000002,-0.026603544000000003
b2b7510090cd262c002170a4ed332ee9f0dd7fe63c58fd63f4f648463f5b4e70,2026-09-02 05:46:27+00:00,5,3,2.91999997,2.91992456,7.541e-05,2293,0.6,0.9733081866666667,1.7944e-05,0.5966904260000001,2.323234134
64e62c93fe434a6dd77113fb6fb0249113680e2dbb6e88cf41f8a526c6cb4de2,2026-09-02 05:46:27+00:00,5,1,0.00194869,0.00194537,3.32e-06,581,0.2,0.00194537,1.8168e-05,0.5970377700000001,-0.5950924000000002
17161c9f848a536247afb87e9e154661ff838557a679db052cf372fe39d12d57,2026-09-02 05:46:28+00:00,1,2,0.00017162,0.00016527,6.35e-06,221,2.0,8.2635e-05,1.8846e-05,0.5898679200000001,-0.5897026500000001
2a1191d644a235a941c90fbf32240c84a9d6d2dc008a2ab7d4902d0335992e6e,2026-09-02 05:46:28+00:00,1,2,0.00017059,0.00016426,6.33e-06,222,2.0,8.213e-05,1.9548e-05,0.5844694300000002,-0.5843051700000002
1ce59295e7c8b429dbbf4d241b46eafae13891b1ca6db08526cdfc89372c0eb9,2026-09-02 05:46:28+00:00,1,2,0.00012613,0.00011979,6.34e-06,222,2.0,5.9895e-05,1.955e-05,0.58446385,-0.58434406
0da0dec9a77fad51a218208cd7fd7a215b607965445858be0a85475407f9f5df,2026-09-02 05:46:28+00:00,1,2,3.318e-05,7.61e-06,2.557e-05,222,2.0,3.805e-06,9.582e-06,0.00048046,-0.00047285
81091042478029cfb352869eb1daffbedd90bb8d8316275aca9f616681415d87,2026-09-02 05:46:29+00:00,1,2,0.00012981,0.00012349,6.32e-06,221,2.0,6.1745e-05,1.0182e-05,0.000116084,7.406000000000003e-06
a6edd657396b42ab21ba291c7e284114373a9e328349a9e653569de3f567d8e0,2026-09-02 05:46:29+00:00,1,2,0.01905681,0.0190542,2.61e-06,222,2.0,0.0095271,9.434e-06,0.00389387,0.01516033
e7ac0332cfc6f6a99dd5b6c9dbdd78a995cc96a6045b343d541e61331a54b0d0,2026-09-02 05:46:30+00:00,1,2,6.40342847,6.40342339,5.08e-06,223,2.0,3.201711695,9.183999999999999e-06,1.284545696,5.118877694
f285d7dc09952e6b2eb8c5af194532e4413748fa7a9691bf483970db648f1b01,2026-09-02 05:46:30+00:00,1,2,0.000137,0.00013066,6.34e-06,222,2.0,6.533e-05,9.184e-06,1.28454787,-1.28441721
f0781075ea18712dc1fff836f25dc5ad13377ab882fe34a79913c3f57ba3fbb9,2026-09-02 05:46:30+00:00,1,2,0.14879915,0.14879423,4.92e-06,245,2.0,0.074397115,5.054e-06,1.314305194,-1.1655109639999999
a4e413d643212dced3fd28a1e15dedd15fd48e6b4dc5fecdb808972e44740871,2026-09-02 05:46:31+00:00,1,2,0.00613106,0.00612824,2.82e-06,222,2.0,0.00306412,4.354e-06,1.315506144,-1.309377904
9f15be908d06e3579f67d64549c3c3b6dffc6e46b88acb7427f70d93db463399,2026-09-02 05:46:31+00:00,1,60,3.17609815,3.17606705,3.11e-05,2074,60.0,0.05293445083333333,1.0052e-05,1.9469087139999999,1.229158336
aec39f57733f94318544203940635a04791944086e22dfed32f20bc20dc7b59f,2026-09-02 05:46:31+00:00,1,2,0.000613,0.0006113,1.7e-06,222,2.0,0.00030565,9.376e-06,0.6663462960000001,-0.6657349960000001
dbd67bb2a4bc3a595451bc1f14e0e6d59f2e786af988cbd4c891fd6be0ce91c8,2026-09-02 05:46:31+00:00,1,2,0.0006,0.00059855,1.45e-06,196,2.0,0.000299275,8.398e-06,0.666439874,-0.6658413240000001
c7e78f1e2008aaca4bf67d95f34728c28abf504e9e7958fc0d8231cc0576427f,2026-09-02 05:46:32+00:00,1,2,0.00885885,0.00885462,4.23e-06,222,2.0,0.00442731,8.259999999999999e-06,0.638451952,-0.629597332
785ec5e6442309a0278c7e37629207d47c74f414f4199988bc58bb2d1b965cfc,2026-09-02 05:46:33+00:00,1,18,0.032033,0.0319746,5.84e-05,720,18.0,0.0017763666666666667,1.9376000000000002e-05,0.643621224,-0.611646624
8f022dcc5e6123103f36f7b301580f8dd07bd8a68ac94734b707b90db2a803c4,2026-09-02 05:46:33+00:00,1,2,0.00019693,0.00019059,6.34e-06,222,2.0,9.5295e-05,1.4424000000000001e-05,0.008445932,-0.008255342
ca95f061a1e89c71343aa9b1a5dd9c520f37706cd44a445c80e7dacb39220dd3,2026-09-02 05:46:33+00:00,1,2,0.00019266,0.00018633,6.33e-06,222,2.0,9.3165e-05,1.535e-05,0.008360938,-0.008174608
55f3e5afacd3e69bfd8378ea0ee0ff77da84b7246b0bc674a1fa3dc05a599694,2026-09-02 05:46:33+00:00,1,2,0.00013262,0.00012628,6.34e-06,222,2.0,6.314e-05,1.6328000000000004e-05,0.008266484000000001,-0.008140204000000002
acb5d5b013feebaa27af164b32bc2d9e306f3b0b52444f8e36cda555dc95c44c,2026-09-02 05:46:33+00:00,3,2,0.00403089,0.00402537,5.52e-06,518,0.6666666666666666,0.002012685,1.6586e-05,0.007300634,-0.003275264
0fb93121579fa74a67087d5c5ed34285bf734046303f14ab0e30a981b64b041b,2026-09-02 05:46:33+00:00,1,2,0.00015937,0.00015304,6.33e-06,222,2.0,7.652e-05,6.1719999999999995e-06,0.0009363220000000001,-0.000783282
2a00de0376573b6258685f7f115b067ce535a16761fb496a2e8a8d94bf8c3d19,2026-09-02 05:46:33+00:00,1,2,4.41813036,4.41812528,5.08e-06,223,2.0,2.20906264,5.92e-06,0.8845232599999999,3.53360202
01a53c1b2894d309e57b5fd020939cce06e09469d9af50946ebded55440598bb,2026-09-02 05:46:33+00:00,1,2,9.153e-05,8.519e-05,6.34e-06,222,2.0,4.2595e-05,5.922e-06,0.8845030319999999,-0.884417842
b3891f3a32a02c494cecb5a6edb88ba9c00ef335ef073dace81ba57a2df79640,2026-09-02 05:46:36+00:00,1,3,26.49139467,26.49138467,1e-05,301,3.0,8.830461556666666,6.653999999999999e-06,6.182754709999999,20.308629959999998
89c63e6526f1dcdd707ac3cb66f77aef37245b2118e063ce4cc9a97c458f724f,2026-09-02 05:46:36+00:00,3,2,23.78463746,23.78462246,1.5e-05,974,0.6666666666666666,11.89231123,8.550000000000001e-06,10.938874128,12.845748332000001
597deae611504364d2f0ead4b91eba1aeec4b2135229070cf0657531d445456f,2026-09-02 05:46:36+00:00,2,2,5.06390263,5.06389239,1.024e-05,418,1.0,2.531946195,9.332e-06,11.951621998,-6.887729608
fdd9a2eea0071357ec3e4bc50019271a1d35b5e36c593fc410ad52815ffead07,2026-09-02 05:46:37+00:00,1,3,0.031597,0.03158874,8.26e-06,286,3.0,0.01052958,9.968e-06,11.07431469,-11.04272595
6351f2f6571f2653895685ad619ed8d8c9c8bc3cdc1c56730a4ae8b58a585775,2026-09-02 05:46:37+00:00,1,2,0.00128906,0.0012802,8.86e-06,221,2.0,0.0006401,1.0472e-05,11.074553692,-11.073273492
39425609994a9e4a3432cc89f10602f0756c56a536d72bd2c5a1d4014162a69d,2026-09-02 05:46:38+00:00,1,2,0.00749763,0.00749281,4.82e-06,223,2.0,0.003746405,9.436e-06,5.777775320000001,-5.770282510000001
8c71b8874a6972963951b7bc09a22f0dbb8f0b371ce72674b6d022f0b4f34a12,2026-09-02 05:46:38+00:00,1,2,0.01458881,0.01458373,5.08e-06,222,2.0,0.007291865,7.452e-06,1.023767574,-1.009183844
2fe1cd66bb2b97dba97ee3ba1c16620ff3519ba36c48acf5c51357973cec887c,2026-09-02 05:46:38+00:00,1,1,0.05551087,0.05550702,3.85e-06,193,1.0,0.05550702,6.1740000000000005e-06,0.0220905,0.03341652
4b02709045edbb13d3b93343f5f4a3f0426294a116ba007e204d5f6f6efcae0e,2026-09-02 05:46:39+00:00,1,2,0.00034706,0.00034283,4.23e-06,222,2.0,0.000171415,5.368e-06,0.015841318,-0.015498488
982c970eb7221738b08e3b1f74344af88432fdcac474e5c8aa2df95ef4774484,2026-09-02 05:46:39+00:00,1,2,0.0047238,0.00471898,4.82e-06,223,2.0,0.00235949,4.5599999999999995e-06,0.016529073999999998,-0.011810093999999997
5682a00370647b7f6dc802afaff37732c3b81c5ca10ff480ffe90d09775b515f,2026-09-02 05:46:40+00:00,1,5,0.32748348,0.32747196,1.152e-05,339,5.0,0.065494392,5.9e-06,0.080524904,0.246947056
744cc25bfa5e4c124713677f0d6fc98f482bdb15d40f8798e41b06e605a0f7ff,2026-09-02 05:46:40+00:00,1,2,0.00389801,0.00389129,6.72e-06,223,2.0,0.001945645,6.228e-06,0.07838641599999999,-0.07449512599999998
8769cfdcd0e5a1eaf6d71876b12285cd75e1756228a5a7a15d8d029477eb0e1a,2026-09-02 05:46:41+00:00,1,2,0.00412067,0.0041152,5.47e-06,222,2.0,0.0020576,6.552000000000001e-06,0.068108052,-0.063992852
03a1fc0af4d313516051ff4b1108f9ad5b245186410e5b44a148eb045906b11e,2026-09-02 05:46:41+00:00,1,2,0.00016888,0.00016734,1.54e-06,205,2.0,8.367e-05,6.0139999999999995e-06,0.06807295399999999,-0.06790561399999999
ece5f783565b5847646dcaf598c87093075759a1c0c1cee12668b2d55ebee882,2026-09-02 05:46:41+00:00,1,2,0.00135102,0.00134216,8.86e-06,221,2.0,0.00067108,6.822000000000001e-06,0.06739759,-0.06605543
65e8e9c9dc06bbdc0341162c32d54b6b59648426d090ba2179a20bfe3e151897,2026-09-02 05:46:41+00:00,1,3,0.0523434,0.05234121,2.19e-06,256,3.0,0.01744707,4.956e-06,0.012371440000000001,0.03996977
8a97a4af83ee017079e55c12a2323079402edfb8aef4bd16c61c4beb8ffc90ee,2026-09-02 05:46:41+00:00,1,2,0.00063863,0.00063433,4.3e-06,226,2.0,0.000317165,4.4720000000000006e-06,0.011720048,-0.011085718
eea6d52f9f869ede26e2cc1b1114971f1eea8d7b9462a35c2ed8a69d725decc2,2026-09-02 05:46:41+00:00,1,1,6.98e-06,5.46e-06,1.52e-06,324,1.0,5.46e-06,3.6820000000000005e-06,0.0108981,-0.01089264
0434ac06f8339ec80f8bb746a146e1e998c69839398b3847c763c72b6faa2694,2026-09-02 05:46:42+00:00,1,1,0.00165929,0.00165599,3.3e-06,191,1.0,0.00165599,4.034000000000001e-06,0.01119583,-0.00953984
f487b32784885720a262e2aa7ce15710a171f5fc2827ed8a0f4595ff1fa38ca9,2026-09-02 05:46:43+00:00,1,1,0.0004944,0.00049055,3.85e-06,191,1.0,0.00049055,3.032e-06,0.011025508,-0.010534958
25002ddec9f0f97a877912a1b61e796770143257ae49e9865a9dd790e608218b,2026-09-02 05:46:43+00:00,1,1,0.00017566,0.00017199,3.67e-06,162,1.0,0.00017199,3.328e-06,0.000591664,-0.000419674
e2aad88539b7040e25f72cc794a6a5521404f945de1f1959bb965ff50dd31d3f,2026-09-02 05:46:43+00:00,1,2,0.00545391,0.00544909,4.82e-06,222,2.0,0.002724545,3.4319999999999995e-06,0.001554616,0.003894474
8e0b5d709b8da7e37fe18020e2021f7f9b348360fd87face210bf2ee4682818b,2026-09-02 05:46:44+00:00,1,2,0.00797158,0.00796467,6.91e-06,222,2.0,0.003982335,4.51e-06,0.003146458,0.0048182120000000005
159a30d9ae367e2c37b8209d08c735702934644fadea4871598e9ae8048cb118,2026-09-02 05:46:44+00:00,1,2,0.04685933,0.04685683,2.5e-06,224,2.0,0.023428415,4.35e-06,0.012186626,0.034670204
8ebf6f3759b549025ec7adb1d58ff35e06319bdbaf92f95635e43a73119c1e96,2026-09-02 05:46:45+00:00,1,25,0.47988577,0.47985597,2.98e-05,946,25.0,0.0191942388,9.54e-06,0.10805971,0.37179626
0394fcbedca7339a3e388cfcf901c84fb4cc046ced9a013179beb5b6b1e26530,2026-09-02 05:46:45+00:00,1,2,0.0700135,0.0699955,1.8e-05,223,2.0,0.03499775,1.2406e-05,0.122024412,-0.052028912
7acf92240b0c0d4c114f2c91884455a0c2728e7516c8b1c0278bce49c7f2cf5a,2026-09-02 05:46:45+00:00,1,2,1.88410673,1.88410205,4.68e-06,235,2.0,0.942051025,1.2378e-05,0.49775500400000006,1.386347046
9d3067ec631c8e2c29fcf3a3fd21f613a9ae27d2fe5fba33fc5ddf06fecf0dd7,2026-09-02 05:46:46+00:00,1,2,0.01963382,0.01962871,5.11e-06,224,2.0,0.009814355,1.2018e-05,0.5000878120000001,-0.4804591020000001
9a7c87e88ba28fa1496dc1d63f455830fe65c9a846abddfd5902fcc4b13b9993,2026-09-02 05:46:46+00:00,250,1,0.1038534,0.10367891,0.00017449,37174,0.004,0.10367891,4.6416e-05,0.511452228,-0.407773318
e323ab319c4ef89f1d5b6935c1d132a2b5e6c54f7e4e79a2a64590da3a2c9098,2026-09-02 05:46:46+00:00,1,2,0.076871,0.07686536,5.64e-06,222,2.0,0.03843268,4.1584e-05,0.43085410599999996,-0.35398874599999997
516bcc6806432970f6874866e2b1405342158fa80da9cf966a0e533d3663f534,2026-09-02 05:46:47+00:00,1,1,0.00085907,0.00085361,5.46e-06,191,1.0,0.00085361,3.9075999999999997e-05,0.41702572799999993,-0.4161721179999999
505e41c36dd2d4af145dd4f4fc263575e1962d14380df68bd690fd5b1e20a37a,2026-09-02 05:46:47+00:00,1,1,0.00256069,0.00255673,3.96e-06,195,1.0,0.00255673,3.8932e-05,0.040716664,-0.038159934
4a9748a6e7d1185b46033255422a47e3f288c078ba5ab9d1c0552dafc19a0e84,2026-09-02 05:46:47+00:00,3,1,0.0097,0.00969506,4.94e-06,488,0.3333333333333333,0.00969506,3.8898e-05,0.038729934,-0.029034874000000002
4c15f156df61a258aad3ae677456d4f0de03811757552936db7429d1358125c0,2026-09-02 05:46:47+00:00,1,1,0.00234484,0.00234099,3.85e-06,191,1.0,0.00234099,4.77e-06,0.01846235,-0.016121359999999998
9c2364a25b89be8baecde0176142104f09b9f6f2524ba4df4405a93db0947b54,2026-09-02 05:46:48+00:00,1,1,0.94541691,0.94540255,1.436e-05,191,1.0,0.94540255,6.514000000000001e-06,0.192169788,0.7532327619999999
c500d1e824753979d66d08ebe936202f2c9882191b43e370afd0b7654df1eed1,2026-09-02 05:46:48+00:00,1,2,0.00416286,0.00415966,3.2e-06,222,2.0,0.00207983,6.0620000000000006e-06,0.192830998,-0.188671338
4a329adddd0f95e3a47349791bf03a21fc37ca392a8d2d8d1f788e920558ee20,2026-09-02 05:46:50+00:00,1,2,0.048183,0.048175,8e-06,222,2.0,0.0240875,6.87e-06,0.201954652,-0.15377965200000002
a680c811f3a52e6df59c110840d970e5c7b5a038a5daa0e190c4b27b91ad8250,2026-09-02 05:46:50+00:00,1,2,0.00323724,0.00323242,4.82e-06,222,2.0,0.00161621,6.846e-06,0.200662124,-0.19742970399999998
85c644156aa35db6b9a4073a6d82a27d088922baa140f482d95b4742083faaac,2026-09-02 05:46:50+00:00,1,1,0.0007849,0.00078105,3.85e-06,192,1.0,0.00078105,6.846e-06,0.200350136,-0.199569086
0b7bf4bc40ffd91c11cebeda71a6a13303003586e99e02aa3585fe2bd6f97cce,2026-09-02 05:46:50+00:00,1,1,0.95009843,0.95008254,1.589e-05,191,1.0,0.95008254,7.1519999999999995e-06,0.201286134,0.7487964060000001
b6e5a0840b1602cc732a6463c8971ea8969ceb77ac87fa3960f94ddd7c45d508,2026-09-02 05:46:51+00:00,1,1,0.93162661,0.93160965,1.696e-05,191,1.0,0.93160965,9.904e-06,0.386776132,0.5448335179999999
62c43aea2a060581c9af90a042ca752724d3f2a13594450592175b779359c49c,2026-09-02 05:46:51+00:00,1,1,0.91433744,0.91431938,1.806e-05,191,1.0,0.91431938,1.1915999999999999e-05,0.560005008,0.35431437200000004
3a9971dcf3ca8a06e923b87450ffa8543012a8f5682d444a78ee14136639fbba,2026-09-02 05:46:51+00:00,1,1,0.94326339,0.9432462,1.719e-05,191,1.0,0.9432462,1.439e-05,0.748007764,0.19523843600000002
bcc13fc1182a289ef58ae244fddde2827967a03ce39150e4ef6af83c369737a0,2026-09-02 05:46:53+00:00,1,1,0.93580082,0.93578659,1.423e-05,191,1.0,0.93578659,1.6466e-05,0.935008872,0.0007777179999999273
504e7ccf7211f87870641c557cddf94b0d70928e53039febdba718c1a8c38c73,2026-09-02 05:46:55+00:00,3,2,0.02811963,0.02811049,9.14e-06,520,0.6666666666666666,0.014055245,1.5116e-05,0.7506144619999999,-0.7225039719999999
00e27687e73ce4f9b4102d1c372872018516544ddaa6b83e8537be72bb4bea84,2026-09-02 05:46:55+00:00,12,2,0.10364885,0.103603,4.585e-05,1853,0.16666666666666666,0.0518015,2.0894e-05,0.585013132,-0.48141013200000005
c35d91427f96e63d450bc3055fa97676038a47fc85e7d58a8315828fc942b8a7,2026-09-02 05:46:55+00:00,3,1,0.00302333,0.00301584,7.49e-06,488,0.3333333333333333,0.00301584,1.878e-05,0.402752424,-0.399736584
8722fac554947676656916da1cdc4663aba61973ae12d0a4d7ac3b6c73dcc7fe,2026-09-02 05:46:55+00:00,2,1,0.00179777,0.0017913,6.47e-06,340,0.5,0.0017913,1.6636e-05,0.21446144400000003,-0.21267014400000003
e1925b69eb890ffac89e00e584b8516c3cb386587583d7b784728a283dd816d4,2026-09-02 05:46:55+00:00,1,2,0.03031753,0.03031245,5.08e-06,222,2.0,0.015156225,1.4806000000000002e-05,0.033366616,-0.0030541660000000005
95d2ec1eac45f8134d26577da4e7e17be764dd471cbd920f298790a96bf9e144,2026-09-02 05:46:56+00:00,1,2,0.01244385,0.0124403,3.55e-06,234,2.0,0.00622015,1.3688e-05,0.030232578000000003,-0.017792278
c78a3928b5d3e49c32fa65eb7d4ee870f92f9f4cd8ec0b83dbb133d75eff6b8c,2026-09-02 05:46:56+00:00,1,1,0.92354108,0.92352656,1.452e-05,191,1.0,0.92352656,7.422e-06,0.19421729000000001,0.72930927
eb95a7915d993b15df1e57e802828dc6ef20ba91ff051c3e07fae8730aa72854,2026-09-02 05:46:57+00:00,1,2,0.0003328,0.00033135,1.45e-06,196,2.0,0.000165675,6.214000000000001e-06,0.193680392,-0.193349042
d48d5103a692deb33e96bb148aa32bc178f576d37f53ad1a8924cf53f5a86df9,2026-09-02 05:46:57+00:00,1,2,9.354e-05,6.819e-05,2.535e-05,222,2.0,3.4095e-05,9.990000000000001e-06,0.19333577,-0.19326758
41e6aaa17d98ba9f7e79cab196c231dd582b34e9f41e72e4f9b53922b056fc16,2026-09-02 05:46:57+00:00,5,1,0.00800489,0.00799719,7.7e-06,788,0.2,0.00799719,1.0514000000000001e-05,0.188872718,-0.180875528
e2f4ac0d257b1d59bac9b42f37c835485c5c0e1e9248ce815c052f6a2023750b,2026-09-02 05:46:57+00:00,1,2,0.70052541,0.70052122,4.19e-06,223,2.0,0.35026061,1.0642e-05,0.326488902,0.3740323179999999
b5b19474e2dfc4155509535b4dc850587c7998803dff206d97dde502e17fe502,2026-09-02 05:46:57+00:00,1,2,0.0102559,0.01025399,1.91e-06,183,2.0,0.005126995,8.120000000000002e-06,0.14383438799999998,-0.133580398
a9fd6409d951b133f960cb6731fe99fed4d47a9fdb6e87701609d9dcbcf4231d,2026-09-02 05:46:57+00:00,1,2,0.01202147,0.01201859,2.88e-06,226,2.0,0.006009295,8.406000000000002e-06,0.146171836,-0.134153246
56ad16b3f6e3745f2a425a4391f38299ccfda0e46bc21a0cbcf0f494796f59c8,2026-09-02 05:46:57+00:00,1,3,12.504858,12.5048357,2.23e-05,414,3.0,4.168278566666667,7.796000000000001e-06,2.6471253379999995,9.857710361999999
3bafebd9fd64e303e1ae0e33deb6b88ebd2a204c9890812fe9fe283995388941,2026-09-02 05:46:59+00:00,1,2,0.10183534,0.10183026,5.08e-06,223,2.0,0.05091513,7.2720000000000025e-06,2.665891952,-2.564061692
13e776f3c578af5021d8b05b19485b43123d21f71c1d82a710c7d2e2ee32d456,2026-09-02 05:46:59+00:00,1,2,0.01987355,0.01986847,5.08e-06,222,2.0,0.009934235,7.450000000000001e-06,2.5297614019999997,-2.5098929319999996
8ed482c2b3efa16974c92928b0de014810c8d842fbbea7e9a21149e771a1be9f,2026-09-02 05:46:59+00:00,1,2,2.90575797,2.90575289,5.08e-06,223,2.0,1.452876445,8.084000000000001e-06,3.1088611819999996,-0.20310829199999958
ff6efa7496482a69ef9a6361bbec6dd76212f6d9df4c96b63e0346fb704d07ab,2026-09-02 05:47:00+00:00,1,1,0.00030002,0.00029617,3.85e-06,191,1.0,0.00029617,8.278000000000001e-06,3.1065166979999996,-3.1062205279999997
9a519748fbce841e307239eeb6692390ce3d5ff0cf0a9332954dc69e3c0e718f,2026-09-02 05:47:01+00:00,1,1,0.00716619,0.00716286,3.33e-06,192,1.0,0.00716286,4.4840000000000015e-06,0.60698213,-0.59981927
cb34f90c6c01eb4fd15c96339ab512038e2f7c5ad7a6c504a348c9203dbffdfb,2026-09-02 05:47:01+00:00,1,1,0.00040356,0.0004,3.56e-06,191,1.0,0.0004,4.1800000000000015e-06,0.586696078,-0.586296078
93e9c94caf8aa15137d942b18ad83a5c3efea052166fc38740bde395ef744c0b,2026-09-02 05:47:03+00:00,1,1,5.70888151,5.70887847,3.04e-06,191,1.0,5.70887847,3.7720000000000017e-06,1.7244980779999999,3.9843803920000003
a76af9807c3e4bcc18555d2cd8f095f5a0a8b1e8030a8f691281f81db06ca3cc,2026-09-02 05:47:04+00:00,1,1,0.00084533,0.00084365,1.68e-06,191,1.0,0.00084365,3.092000000000001e-06,1.14351623,-1.14267258
7223d934ba58792b6a73139ee51311b09499cbdf3c41e900f644edb6ed83ee07,2026-09-02 05:47:04+00:00,1,2,0.0011,0.00109577,4.23e-06,223,2.0,0.000547885,3.1680000000000017e-06,1.1436761500000001,-1.14258038
cee4c6fe524d07fb9dc0198a6bda90ea6f59b219c269c7ec340c76a144bfdc3f,2026-09-02 05:47:04+00:00,1,3,0.01157716,0.01156684,1.032e-05,253,3.0,0.003855613333333333,4.566000000000002e-06,1.144556946,-1.132990106
d1e21782c83229801e1d76e936e259c1cb1411a21934e7a1e4ca2a2dd836575f,2026-09-02 05:47:04+00:00,1,1,0.00372064,0.00371679,3.85e-06,192,1.0,0.00371679,4.624000000000002e-06,1.145220304,-1.141503514
4dc3813430406aa2faf24037ccf751e4e4d1ac60a27708847017d243fdb2e6a5,2026-09-02 05:47:04+00:00,10,1,0.38302907,0.38301005,1.902e-05,1759,0.1,0.38301005,7.82e-06,0.08004662,0.30296343
1e607abd4d4432bd46a69f8cf79c19818e4fef7bc0d78b51638fcf9e58c1f0f7,2026-09-02 05:47:05+00:00,1,2,0.00173237,0.00172351,8.86e-06,221,2.0,0.000861755,9.256000000000003e-06,0.08022259200000001,-0.07849908200000001
0c4d0d1d03bc146e975248611080452aed10b5fca67137acf02e54f4d43cf219,2026-09-02 05:47:06+00:00,2,2,0.00203778,0.00203118,6.6e-06,382,1.0,0.00101559,9.73e-06,0.080409674,-0.078378494
d73cfe91fa5bf3579221c5ee198a15fe20eaf66d6c3cc5de2bb7000f3ed43038,2026-09-02 05:47:06+00:00,1,1,0.3614841,0.36147273,1.137e-05,191,1.0,0.36147273,9.94e-06,0.150390852,0.21108187800000003
2a2f95d71eb9977ad40824ba9f5a88b400118d8071934b87a50a93ce34c0a24b,2026-09-02 05:47:06+00:00,1,1,0.38081144,0.38080075,1.069e-05,191,1.0,0.38080075,1.1308e-05,0.225807644,0.15499310600000002
e15b3e97ff9e438f6a7be2b00d744f0749910febb141f7731d8040eeeb46415b,2026-09-02 05:47:06+00:00,1,1,0.18397385,0.18397077,3.08e-06,191,1.0,0.18397077,8.12e-06,0.185999788,-0.0020290179999999935
210c428e8f1e6fef1dca4aca4aceb0c149a061de85fed2757be805995da6e8c7,2026-09-02 05:47:06+00:00,1,2,4.107e-05,1.548e-05,2.559e-05,221,2.0,7.74e-06,1.1466e-05,0.185658182,-0.185642702
aa3e4f9823e8b0b624b97bf6a5f626b982932d4e000104965129af83246fd1f9,2026-09-02 05:47:06+00:00,1,2,1.74611448,1.7461032,1.128e-05,379,2.0,0.8730516,1.2402000000000003e-05,0.534472586,1.2116306140000002
0eb2bcdaa5243c4a8deabeb0b49c76acb1557b1adf52cda5b874b83979141a9b,2026-09-02 05:47:06+00:00,2,4,0.0387127,0.03870424,8.46e-06,432,2.0,0.00967606,1.182e-05,0.46991888800000003,-0.43121464800000003
13f15ee927266278b68d48cba2e2f1e8849bddd26aef3c1b97756cb4b5ded271,2026-09-02 05:47:07+00:00,1,1,0.0056084,0.0056051,3.3e-06,192,1.0,0.0056051,1.0342e-05,0.39487975799999997,-0.389274658
460d822a7d8d1120589b6c4f9c9b3c69e2b0fa2abedf500d351590f85ae5a719,2026-09-02 05:47:07+00:00,1,2,0.02,0.01999489,5.11e-06,224,2.0,0.009997445,1.0748000000000001e-05,0.362084582,-0.342089692
5543ef531c2c7b9d6c343c6d6b53de3d39e673c6a51b0b8690261be4a0e1c18a,2026-09-02 05:47:08+00:00,6,1,0.01159668,0.0115885,8.18e-06,934,0.16666666666666666,0.0115885,7.266000000000001e-06,0.364399186,-0.352810686
b84eb86805aa9448c75cc0836e7ddd9985ab20b3497fa0067ed5f59a01d5a8d5,2026-09-02 05:47:09+00:00,1,3,0.01408206,0.0140769,5.16e-06,253,3.0,0.0046923,6.042000000000001e-06,0.01799392599999996,-0.003917025999999959
763311831daae1ae2e5508b71641daef4f381da0c4aaf28fd94a219eec0b82d4,2026-09-02 05:47:09+00:00,1,2,1.96833315,1.96832883,4.32e-06,222,2.0,0.984164415,5.214e-06,0.40391884399999994,1.564409986
ade8272c10aa65f5cb720e6b7b86b621ea8589a32a3a1854c5d970cebaf096ac,2026-09-02 05:47:09+00:00,16,2,0.00059013,0.00054725,4.288e-05,2048,0.125,0.000273625,1.3130000000000001e-05,0.4029072739999999,-0.4023600239999999
17cf0c91d234fdd71f9f4f1d337634041dfd555993f76fee95c4f25599fda85d,2026-09-02 05:47:09+00:00,1,2,0.01222486,0.01222131,3.55e-06,234,2.0,0.006110655,1.2818000000000002e-05,0.40135255799999997,-0.389131248
791cd76d591b612e0e430e7dc2c1f1081fa497c525550bfd09ba100b555b7902,2026-09-02 05:47:09+00:00,1,4,0.04362128,0.04361703,4.25e-06,285,4.0,0.0109042575,1.2032e-05,0.4077582639999999,-0.3641412339999999
a4180c2ec428c4dd0ef1c45265cd95bfb4536c53903e71f8c115333dfca0c604,2026-09-02 05:47:10+00:00,2,2,0.0005913,0.00058011,1.119e-05,371,1.0,0.000290055,1.3238000000000001e-05,0.40505890599999994,-0.4044787959999999
3d62bd923c9858f4c0f46f5a4fa10c64b91c449f960b88fa8e590ded61fe5fb3,2026-09-02 05:47:10+00:00,1,1,0.00121399,0.00121014,3.85e-06,195,1.0,0.00121014,1.3144e-05,0.011635167999999956,-0.010425027999999956
43850511ed5ec7751daf80fb06f815010b4657e904a1436d42500ce2ab6db110,2026-09-02 05:47:10+00:00,2,2,0.0102243,0.0102056,1.87e-05,418,1.0,0.0051028,8.307999999999999e-06,0.013566837999999956,-0.0033612379999999557
e0913af39e74a6eb959629e45f362fa36300a857611fa8cc58b08e9562747893,2026-09-02 05:47:10+00:00,2,2,0.2052272,0.20522023,6.97e-06,370,1.0,0.102610115,8.992000000000001e-06,0.052166621999999954,0.15305360800000006
0e6c5096cecc0e0745b04a8113f32f2451804aeb5e9a3684686c6a5bc5188d71,2026-09-02 05:47:10+00:00,1,3,2.80477271,2.80476652,6.19e-06,253,3.0,0.9349221733333333,9.38e-06,0.6043965199999999,2.20037
cd45ef5e3e0a967747970f79b1f010f49f2be6b543733542b929057833859201,2026-09-02 05:47:12+00:00,1,2,0.00207196,0.00206914,2.82e-06,223,2.0,0.00103457,7.706e-06,0.604694326,-0.6026251859999999
4fa07e68c9aa12c5d82d0459a9ef9c8eb87e7e72f664b7b2b7e4a0b46afc2b1f,2026-09-02 05:47:12+00:00,1,2,6.355e-05,5.65e-05,7.05e-06,222,2.0,2.825e-05,8.346000000000001e-06,0.6044635979999999,-0.6044070979999999
c80d6899cd1eabdbfa4fba3c1ca18ad8944de08e40fbf077136a72908cd2e159,2026-09-02 05:47:13+00:00,1,4,0.60783896,0.60782849,1.047e-05,342,4.0,0.1519571225,6.7e-06,0.723988176,-0.11615968599999993
0a3756aadf2675829eb6ce446611a62b8f1e8275505dc897601ad89b9d308127,2026-09-02 05:47:14+00:00,1,2,8.337e-05,5.792e-05,2.545e-05,222,2.0,2.896e-05,1.0396e-05,0.6829557139999999,-0.6828977939999998
990bbda14d2cbaa700cc50547e221ccf12f9a426dda75c35126d67e4e29c103b,2026-09-02 05:47:15+00:00,2,2,0.00944207,0.00943982,2.25e-06,370,1.0,0.00471991,9.608e-06,0.12389037399999994,-0.11445055399999994
3366a034873a880179f8e134720df94eb537405b499b73d33805a99e47f782aa,2026-09-02 05:47:15+00:00,1,2,0.05902388,0.05901783,6.05e-06,222,2.0,0.029508915,1.0253999999999999e-05,0.13528011199999992,-0.07626228199999993
569ac37e8b3fbb40981d0a993599d87a65513533856862a9443d29666c537ee2,2026-09-02 05:47:15+00:00,1,2,0.01703078,0.01702608,4.7e-06,222,2.0,0.00851304,9.784e-06,0.13867402799999992,-0.12164794799999992
f0a3a8c62625f8c2a32a1623dbc6715ac8663b6b480f5067dbe7b4df60177d56,2026-09-02 05:47:17+00:00,1,3,0.03083904,0.03081904,2e-05,250,3.0,0.010273013333333334,1.1690000000000002e-05,0.023272137999999908,0.007546902000000091
a81b2d5ef3de004dae6520bc85142ccde73268f023f72d15b4f9ce8d36a4a0d1,2026-09-02 05:47:19+00:00,1,2,4.81041366,4.81041109,2.57e-06,226,2.0,2.405205545,7.114e-06,0.9853427719999999,3.8250683179999996
c17b6aa0f82739777bb9a619272ac21522311e3240f216efb3c9b5147bc176f3,2026-09-02 05:47:19+00:00,1,6,7.59901414,7.59900614,8e-06,347,6.0,1.2665010233333334,8.264e-06,2.503256036,5.095750104
6e0014982e2708ff99c8d2d5a551f27764e9a9c9f1478791bf5b26048f9b3d63,2026-09-02 05:47:20+00:00,2,2,0.00387955,0.00387746,2.09e-06,370,1.0,0.00193873,7.472000000000001e-06,2.4922279620000003,-2.4883505020000003
205be0a15c796cdc9f97abf1013634f0e2d11b1897ea61b35c98f9f98eec6780,2026-09-02 05:47:20+00:00,1,1,0.00077262,0.00076934,3.28e-06,192,1.0,0.00076934,7.188000000000001e-06,2.488976614,-2.4882072739999996
0fa0a2497593164ecf5603c497483be6dd2003ff4ee89bab6873349970ef1db2,2026-09-02 05:47:20+00:00,1,2,0.09998804,0.0999855,2.54e-06,226,2.0,0.04999275,3.696e-06,2.502809906,-2.402824406
883d9748b1441c95dd48860cfd4e53c743abda001659fdb5ddb50cf8d89f51b3,2026-09-02 05:47:20+00:00,3,1,0.03617187,0.03616452,7.35e-06,487,0.3333333333333333,0.03616452,4.652e-06,1.5479605920000001,-1.511796072
514e7e2fe2978532b5abd9dad5459e2ac16f7b93b3d5341a57456aa83a8d20d7,2026-09-02 05:47:20+00:00,1,1,0.00138109,0.0013797,1.39e-06,407,1.0,0.0013797,3.3299999999999995e-06,0.028435304,-0.027055604
04f466a7255c811fa5e0b94e73962b9ded5bfb9f1f649071fbbc155e93a6feea,2026-09-02 05:47:20+00:00,1,2,0.02037312,0.0203683,4.82e-06,223,2.0,0.01018415,3.876e-06,0.031733472,-0.011365172
c6c8850dd2931d510f6d7d18277ea5a7216fc426823eb32770d150293e7c539f,2026-09-02 05:47:22+00:00,1,2,0.00051507,0.00050934,5.73e-06,226,2.0,0.00025467,4.366e-06,0.031681472,-0.031172132
2fbea8c830ad650d85b74ef915cf7cec69a1bfb3358f7b2f487633ae9d0e2098,2026-09-02 05:47:22+00:00,2,2,0.0014915,0.00148314,8.36e-06,372,1.0,0.00074157,5.53e-06,0.011981,-0.010497860000000001
3b8688a9113ae8fa93b495474c222a99f18896635b951598923583865bd1bdba,2026-09-02 05:47:22+00:00,1,2,0.00015937,0.0001529,6.47e-06,221,2.0,7.645e-05,5.354e-06,0.004778676,-0.004625776
f583ffedb0289fd999172856476a114e9e4f977c180da0be5d208ccb8b9b8002,2026-09-02 05:47:22+00:00,1,2,6.98902379,6.98901871,5.08e-06,222,2.0,3.494509355,6.092e-06,1.402306478,5.586712232
6634128437e4e0299334567837e4f4f7bbf1378c83269bd3b17404cbae0228c4,2026-09-02 05:47:22+00:00,1,3,0.1236348,0.12362744,7.36e-06,266,3.0,0.04120914666666667,6.5999999999999995e-06,1.422958306,-1.299330866
c2e8c1d78707b28ceeb9c4bed33d625d19d29bac493f499a64bb54cff8f12a64,2026-09-02 05:47:24+00:00,1,2,7.546e-05,4.977e-05,2.569e-05,222,2.0,2.4885e-05,1.0592e-05,1.422866392,-1.422816622
d5365ba54cd28a0b7a1b71333307c5aabb7dec0ba3f5c8f40608c327a36e7f63,2026-09-02 05:47:24+00:00,1,2,0.00019266,0.00018619,6.47e-06,222,2.0,9.3095e-05,1.0213999999999999e-05,1.4226070020000001,-1.4224208120000001
ce5ba636645265afddb2bfcf4b083f9fe47ac6cb4ca03f5afd973b72d7289b7e,2026-09-02 05:47:25+00:00,5,1,0.00040331,0.0003999,3.41e-06,590,0.2,0.0003999,9.602e-06,1.4226564019999999,-1.422256502
13f15d57ef98f66b2fb19d00a55d9978da62e8b8d661ea3f325c6a3b9f3bceb1,2026-09-02 05:47:25+00:00,1,2,0.00742342,0.00741601,7.41e-06,222,2.0,0.003708005,1.0067999999999999e-05,0.026335861999999998,-0.018919851999999997
65d2df52937c1985e1f15dd3caedb5fae26e84e1d48fe2b1cab8bb6534eae5e2,2026-09-02 05:47:25+00:00,1,2,0.00474114,0.00473184,9.3e-06,221,2.0,0.00236592,1.0456e-05,0.002556742,0.0021750980000000003
394f3c53a8b1efe15531f52f3301b425d752ef3eda161144a4fe17cd039674d7,2026-09-02 05:47:26+00:00,1,1,0.000609,0.00060674,2.26e-06,194,1.0,0.00060674,5.77e-06,0.002668136,-0.002061396
08763477749017523fe2a4fb28d01aa341d96ee45200a11f382873c0344e0ae4,2026-09-02 05:47:26+00:00,1,1,0.01215717,0.01215491,2.26e-06,195,1.0,0.01215491,4.928e-06,0.0050618799999999995,0.00709303
ef57ee179f479bea2a6c4b4a2e5e64184287138c881adec5b4d691c0388577b2,2026-09-02 05:47:26+00:00,1,2,0.00474073,0.00473143,9.3e-06,221,2.0,0.002365715,6.1060000000000005e-06,0.005928186,-0.0011967560000000002
02629c17cb64ebaffdbbdb13c999df5635e3d0775a4e2d473896e9814ed56798,2026-09-02 05:47:26+00:00,1,2,0.00473972,0.00473042,9.3e-06,221,2.0,0.00236521,6.484000000000001e-06,0.005391068000000001,-0.0006606480000000007
3520aa63b7f10f74bc6f80e7435e588baa8e488dec4156a18a0da215a08c8094,2026-09-02 05:47:26+00:00,1,2,0.00476769,0.00475839,9.3e-06,221,2.0,0.002379195,6.484000000000001e-06,0.005396378,-0.0006379879999999999
e6761779ec6a8ee2ef39aaba3f4a5713cc47a65913d45ab5835a4b8a821e9285,2026-09-02 05:47:26+00:00,1,2,0.00476697,0.00475767,9.3e-06,221,2.0,0.002378835,7.892000000000002e-06,0.0062265639999999995,-0.0014688939999999992
ee504d72b3939c17776939daf13d96b98dbdce036110878e7921f0cf8c5dcb78,2026-09-02 05:47:26+00:00,1,2,0.00474583,0.00473653,9.3e-06,221,2.0,0.002368265,9.3e-06,0.004742888,-6.357999999999711e-06
0318bbd8934b58322712fee48dd895ba1ca73eb22b4805a80d2bfef1e7f77341,2026-09-02 05:47:26+00:00,1,2,0.00475163,0.00474233,9.3e-06,221,2.0,0.002371165,9.3e-06,0.004745068000000001,-2.738000000000393e-06
90efd65d1018c218548aafc605b371f909c13959723e774f3cd4fdfb7f075c41,2026-09-02 05:47:26+00:00,1,2,0.00473965,0.00473035,9.3e-06,221,2.0,0.002365175,9.3e-06,0.004745054,-1.4703999999999932e-05
81d180a23057c0844405361550c4c850de3cd3a9b9dd22c30fb5cc18c37b5336,2026-09-02 05:47:26+00:00,1,2,0.33404524,0.33404103,4.21e-06,225,2.0,0.167020515,8.282000000000001e-06,0.07060158200000001,0.263439448
27811cbd64876663efae3a1e8123200f39b5e8f4335d72ac3293b763c0052f2b,2026-09-02 05:47:26+00:00,1,2,0.00476782,0.00475852,9.3e-06,221,2.0,0.00237926,8.282e-06,0.070601752,-0.065843232
e13a935c8b58ee78056e6890d0c64e290ef754401328b1cf1a002958c9155980,2026-09-02 05:47:26+00:00,1,2,0.0047429,0.0047336,9.3e-06,221,2.0,0.0023668,8.282000000000001e-06,0.070601166,-0.065867566
d69ad0b7ef70e099027b2d63db8ed19266291c09ac273619f1398e23ee792c7c,2026-09-02 05:47:29+00:00,1,2,3.318e-05,6.46e-06,2.672e-05,221,2.0,3.23e-06,1.1766e-05,0.069653992,-0.069647532
7383134aabc1d06e4050f03b462394fe7bf0039da5fb8caed65ffa555af90ae7,2026-09-02 05:47:29+00:00,5,2,0.01827465,0.01827081,3.84e-06,633,0.4,0.009135405,1.0674e-05,0.07236208400000001,-0.05409127400000001
4882af60994363a03c154c1786719a34cec6f0b2cdbced8e74cc80f4747023cf,2026-09-02 05:47:29+00:00,1,2,4.107e-05,1.43e-05,2.677e-05,221,2.0,7.15e-06,1.5186e-05,0.0055567379999999994,-0.005542437999999999
3aaf5fc046a59c788513c99c4fe83125b1465854d5d3ab86367fca9c4a739f7e,2026-09-02 05:47:29+00:00,1,2,8.337e-05,5.684e-05,2.653e-05,221,2.0,2.842e-05,1.8632e-05,0.004616402,-0.0045595620000000005
4e60c4d89ef11d7e06f9b8780f050125132aae15fa50bb03c4539fe63c11476f,2026-09-02 05:47:29+00:00,1,2,8.676e-05,6.008e-05,2.668e-05,221,2.0,3.004e-05,2.2108e-05,0.0036816979999999997,-0.0036216179999999996
c160ac4a6775f138aca629cdb17a174b9e77f670856931ca1330d9fb78a2a608,2026-09-02 05:47:29+00:00,1,2,0.00178482,0.0017765,8.32e-06,222,2.0,0.00088825,1.8428e-05,0.004035706,-0.0022592059999999997
683e438931f31a0bbeeab6c80b79d2a08086b00f24768d2f7c9f4ea7a76b9d4b,2026-09-02 05:47:29+00:00,1,2,0.00742315,0.00741574,7.41e-06,222,2.0,0.00370787,1.9142e-05,0.0018646919999999998,0.005551047999999999
51dd20b639742c811ef31c63750428b54e3f320a08a4bfc3aa08fed5ea6dc932,2026-09-02 05:47:29+00:00,1,2,8.346e-05,5.697e-05,2.649e-05,221,2.0,2.8485e-05,1.9086e-05,0.001873226,-0.001816256
ff4650aac6404e2081d169766c136ab2d876b5a5343cb8755e06684faea91b0e,2026-09-02 05:47:29+00:00,1,2,7.546e-05,4.863e-05,2.683e-05,222,2.0,2.4315e-05,1.9146e-05,0.0018715839999999997,-0.0018229539999999997
d7d605c6a27258f622a39e775ad48a858bb29b43e4e5cfede124b70d31f5f60a,2026-09-02 05:47:29+00:00,1,2,9.354e-05,6.69e-05,2.664e-05,222,2.0,3.345e-05,1.9138e-05,0.001872948,-0.001806048
b4f87d8770c33d8cf50cdff84f94697f11459c75e537273ecd3d0961d6224f56,2026-09-02 05:47:29+00:00,1,2,0.0001098,8.322e-05,2.658e-05,221,2.0,4.161e-05,2.2789999999999997e-05,0.001534292,-0.001451072
e6b13b5204bb7dd691af7efdb418b819857ae3e42aca8462cd9478a6ec695179,2026-09-02 05:47:31+00:00,1,2,0.001983,0.001978,5e-06,222,2.0,0.000989,2.2307999999999997e-05,0.00044674400000000006,0.0015312560000000002
bef63b77c0b56d5424d0d25e916e56a9bdaa6019678fbc88001ba5656a4b7d8e,2026-09-02 05:47:31+00:00,1,19,0.032033,0.0319679,6.51e-05,751,19.0,0.001682521052631579,3.003e-05,0.0068289299999999995,0.02513897
c8d1af23078e11a3fe4ff30a206502db8f5e773a3d0867bd11f4c25c3b8a9397,2026-09-02 05:47:31+00:00,1,2,0.00296569,0.00295739,8.3e-06,247,2.0,0.001478695,2.6324000000000004e-05,0.007410681999999999,-0.004453291999999999
c45b93b5a4a9c0a2bc82d7dd4e0199fa9d8f5d229d2b742db73406c2527afc9b,2026-09-02 05:47:31+00:00,1,16,0.49,0.48998056,1.944e-05,698,16.0,0.030623785,2.4884e-05,0.10539341399999999,0.384587146
5d1cf5a6a64c4b8c94e8e9916f1500906bee2493f3c0580f11db7b1650f40dce,2026-09-02 05:47:31+00:00,1,2,0.00083948,0.00083116,8.32e-06,221,2.0,0.00041558,2.1232e-05,0.105543002,-0.104711842
4bc3c7853289f4c520617d449bbaee61227e4cd0268dbe4123a03255d6cadf04,2026-09-02 05:47:33+00:00,1,2,0.00124474,0.00120549,3.925e-05,221,2.0,0.000602745,2.8082e-05,0.1053885,-0.10418300999999999
9cc0974280b63c31aa3f6fd3592b3194843dff7710aaeea9047d0ddaae17c9ba,2026-09-02 05:47:33+00:00,3,1,0.03053611,0.03053011,6e-06,490,0.3333333333333333,0.03053011,1.6262e-05,0.105100942,-0.074570832
d7f4746975ea7c0f53f9e9b053835aafa50b1d5ec569548b0c6ecb066a9d13be,2026-09-02 05:47:33+00:00,1,1,0.00074054,0.0007373,3.24e-06,191,1.0,0.0007373,1.5250000000000001e-05,0.104656924,-0.103919624
e19d609b46c803637517ab237ccbaf19fb10ca816647f2c9d90806ff9d4777db,2026-09-02 05:47:33+00:00,1,1,0.00635793,0.00634628,1.165e-05,191,1.0,0.00634628,1.3692e-05,0.007930068,-0.001583788
2dd7ce255677c01efaea94adfa487406e0606c108eeef79d2586e67724052728,2026-09-02 05:47:34+00:00,1,2,1.2555962,1.25559112,5.08e-06,223,2.0,0.62779556,1.3044e-05,0.25888206,0.99670906
473baeff1d8596afa697ced12518c964c80971e8ec4d3b38aaae8fc2eaa24e84,2026-09-02 05:47:34+00:00,1,2,0.45546451,0.45546167,2.84e-06,223,2.0,0.227730835,5.762e-06,0.349733296,0.10572837399999996
74f2dbac6ff6ae411965d4e1a6cc81b99ee1d21de188a77fbc41d21ec2d1bd66,2026-09-02 05:47:35+00:00,1,2,0.00019693,0.00019027,6.66e-06,221,2.0,9.5135e-05,5.894e-06,0.34366532800000005,-0.34347505800000006
853aba509973b8ed10c58fb6c8e952ea52c95bcefb1df829985d19a64def4668,2026-09-02 05:47:35+00:00,1,1,0.00246947,0.00246562,3.85e-06,192,1.0,0.00246562,6.016e-06,0.344010992,-0.341545372
fa69a834c13c3352daa3b3e291df2d198f5178d52bc69b1e276a13d85d5bb871,2026-09-02 05:47:35+00:00,1,2,0.00198795,0.00198227,5.68e-06,224,2.0,0.000991135,4.822e-06,0.34313819,-0.34115592
611b907a4044970fb025bc0218963e25461387cc69dbd54802df8794fb776a78,2026-09-02 05:47:35+00:00,1,2,0.0953689,0.09536608,2.82e-06,223,2.0,0.04768304,4.37e-06,0.111093182,-0.015727101999999993
4ec8da28ca6d5811b61a01d48e6bad54dde912f216383bb3b21a5334e76db537,2026-09-02 05:47:37+00:00,1,2,0.00015937,0.0001527,6.67e-06,222,2.0,7.635e-05,5.136e-06,0.020031388000000004,-0.019878688000000005
67cf034bbe08e18a663fb9d9364d7cebb752a8199367b0a598233e4a60a51ca6,2026-09-02 05:47:37+00:00,1,2,9.153e-05,8.487e-05,6.66e-06,222,2.0,4.2435e-05,5.136e-06,0.020010308,-0.019925438
2b42e98f6d91999fbadfce0d41cb605adf448c87078ad414d52023bb4386d6d6,2026-09-02 05:47:37+00:00,1,2,0.00017059,0.00016392,6.67e-06,221,2.0,8.196e-05,5.7e-06,0.019549968000000004,-0.019386048000000003
375ec1dadd48d86c961b082113d66c96d10fe939e6d56b5952b2d7f73e4153ed,2026-09-02 05:47:39+00:00,1,2,0.10097514,0.1009695,5.64e-06,222,2.0,0.05048475,5.692e-06,0.039347414000000004,0.061622086
68ebbd439287db900779957d03a5affcb7a39d4cec5f3c5161584374c48463e0,2026-09-02 05:47:39+00:00,1,2,0.00019266,0.000186,6.66e-06,221,2.0,9.3e-05,6.46e-06,0.020311398,-0.020125398000000003
fdda5ab244b24a14b3a42787298887c802a73ca41ed54a5eaa6f23d2af4a131c,2026-09-02 05:47:39+00:00,1,2,0.00013262,0.00012595,6.67e-06,221,2.0,6.2975e-05,6.46e-06,0.020306048,-0.020180098
3d42319373bb1d7037460848aa256230fcabecd38c3ca6f19db2da69794e774a,2026-09-02 05:47:39+00:00,3,2,0.01533133,0.01532359,7.74e-06,408,0.6666666666666666,0.007661795,6.675999999999999e-06,0.023353792,-0.008030202000000002
367878a52ca325e214bb531497f58b8ac2ccefa8865bf79281687ed74c24cf1d,2026-09-02 05:47:39+00:00,1,2,0.00068159,0.00067877,2.82e-06,222,2.0,0.000339385,5.906e-06,0.023456762,-0.022777992
c0b80ba802873ca2da9ecc9bdda38aefd3e48a81c6acbcbfb5d390efeabe5abe,2026-09-02 05:47:39+00:00,2,3,0.00994973,0.00993821,1.152e-05,440,1.5,0.003312736666666667,7.082e-06,0.0052505040000000005,0.004687705999999999
fa7c936e99690d7dd9cc1f345bc297527149396214d61c1c84173a5244a5b55d,2026-09-02 05:47:40+00:00,1,2,0.00012613,0.00011944,6.69e-06,222,2.0,5.972e-05,7.088e-06,0.005237192,-0.005117752
d7c9e3935ffe5478ac5d99fc86b9630a034990aef2342fc5ca3a8e02dfa4d568,2026-09-02 05:47:40+00:00,1,2,0.02704344,0.02703862,4.82e-06,222,2.0,0.01351931,6.718000000000001e-06,0.010619726,0.016418894
e159464ecc229085b42d3e1257972b2314967da971523170553e1c5151eb0c89,2026-09-02 05:47:40+00:00,1,2,0.000137,0.00013033,6.67e-06,222,2.0,6.5165e-05,6.504e-06,0.007581073999999998,-0.007450743999999999
c5f80f94adc0aa36e41a7e7dc52c54150f5a48d2ee8ad2014e4d4231c8f5cad1,2026-09-02 05:47:40+00:00,1,1,0.01135909,0.01135524,3.85e-06,192,1.0,0.01135524,6.71e-06,0.009716368,0.0016388720000000013
25430f322cc2204dbf1bcce1409e4f76b9179a773ff925c0b201aae4a821acf0,2026-09-02 05:47:40+00:00,1,2,0.00012981,0.00012313,6.68e-06,221,2.0,6.1565e-05,5.742e-06,0.007753352,-0.007630222
7520cf26bba0bc97bf0d277b64ab1d69851bf76c1b5fd9e4438477cdd59b5e7c,2026-09-02 05:47:42+00:00,1,2,0.00015402,0.00014733,6.69e-06,222,2.0,7.3665e-05,5.742e-06,0.00775893,-0.0076116
accaef7b3c534ca3f60a8bc3ccda9248302548bed731bf6e23ceef67366ea465,2026-09-02 05:47:42+00:00,2,2,0.0018272,0.00182096,6.24e-06,370,1.0,0.00091048,6.026000000000001e-06,0.002715398,-0.000894438
0db9a3cbcece1c6e19e98129865dbcd06a1b1e0250f54ee14a17438ea7814285,2026-09-02 05:47:42+00:00,1,1,0.0038664,0.00386501,1.39e-06,405,1.0,0.00386501,4.97e-06,0.003462334,0.0004026759999999998
9c8fc67cae105a2de275ed21d068977ca06e18b9aa647d33fe4061be1cca2050,2026-09-02 05:47:42+00:00,1,2,90.17985678,90.1798516,5.18e-06,226,2.0,45.0899258,5.236e-06,18.037161606,72.14268999400001
b55c53b9e68bd681b65e856324899b46dbf433557e7e62e0c138503c96c28be7,2026-09-02 05:47:42+00:00,1,1,4.46074904,4.46074491,4.13e-06,191,1.0,4.46074491,4.726e-06,18.929285962,-14.468541052000003
48af70ee2378b3ef54700231f87d7ab260b94952271fdf9654d4806fc2d4c2dc,2026-09-02 05:47:42+00:00,2,2,0.01245697,0.01245,6.97e-06,371,1.0,0.006225,4.782e-06,18.931746496000002,-18.919296496
7523a0a464492b79532df70d76d4f6260b04fc7b17694afd65cd95cfaa0699fc,2026-09-02 05:47:42+00:00,1,2,0.00017162,0.00016494,6.68e-06,222,2.0,8.247e-05,4.87e-06,18.931415292,-18.931250352
896de72b54a66f4d415cf8093f9ebcd7b7b841f4f10f9ce4055a69bc6f35263d,2026-09-02 05:47:43+00:00,1,1,0.01307406,0.01306975,4.31e-06,191,1.0,0.01306975,5.454000000000001e-06,18.93325624,-18.92018649
6813a484ba171f6efa2078239fa8ea8a41d5cf57681598937e893cafffe0b8a0,2026-09-02 05:47:43+00:00,1,2,0.000501,0.000499,2e-06,222,2.0,0.0002495,4.818e-06,0.8973857199999999,-0.8968867199999999
6fc71d274dd4e07b4167755797dffb66815ab96050f1817e4cbffeea690645dc,2026-09-02 05:47:43+00:00,1,1,0.94541691,0.94539817,1.874e-05,191,1.0,0.94539817,7.74e-06,0.19431637200000001,0.751081798
a62f0ada8e8aee1edd493f18f63d5bfa2c3feeaffb39cdf98f59c2bb1b92445a,2026-09-02 05:47:45+00:00,4,2,0.00145659,0.00144969,6.9e-06,667,0.5,0.000724845,7.726e-06,0.19211631,-0.19066662
d620cbde0420e16f2b2970762889a0313ed14eb25199bcaa309f87f4471fab6a,2026-09-02 05:47:45+00:00,3,2,8.215e-05,6.127e-05,2.088e-05,518,0.6666666666666666,3.0635e-05,1.0566e-05,0.192095576,-0.192034306
cf305d3148a67193ad09f72c49342c3c98ce36f8474a8880a5c7b9f0f910237a,2026-09-02 05:47:45+00:00,1,2,0.22742706,0.22742044,6.62e-06,223,2.0,0.11371022,1.1028e-05,0.23496571400000002,-0.0075452740000000185
bb266c4d67970afda7a75fe460a6e09a51f49bbeab715cc6f8341a133f94a4bd,2026-09-02 05:47:45+00:00,1,1,0.00157705,0.00157372,3.33e-06,195,1.0,0.00157372,1.1294e-05,0.235180658,-0.233606938
4d7f766d8a3965282c2da6554e8512c4a9becb0b90bd14e47e7ca81bbfeca835,2026-09-02 05:47:46+00:00,2,2,1.16070735,1.16069979,7.56e-06,372,1.0,0.580349895,9.057999999999999e-06,0.27824098199999997,0.882458808
8c808bf7ff1f5994197bf9ba9f54b9e1361ba735241fc9999ce2e70b74112445,2026-09-02 05:47:47+00:00,1,1,0.95009843,0.95007764,2.079e-05,191,1.0,0.95007764,1.1836e-05,0.4679665719999999,0.48211106800000003
78d0d493d98bafcfb8f2f8d9168a9dcf922687f190d91ea0bdf7178d1b4ca660,2026-09-02 05:47:47+00:00,1,2,0.00630899,0.00629872,1.027e-05,221,2.0,0.00314936,9.713999999999999e-06,0.469214062,-0.462915342
af3762b74558aad7f9eed899db20536f3bdee8a0be4fa94374d1f6856948796d,2026-09-02 05:47:47+00:00,1,1,0.90524916,0.90524505,4.11e-06,191,1.0,0.90524505,9.212e-06,0.604778984,0.30046606600000003
50ee4bf001ab4b18fafbe139e622748709b3e7a19a0fd765bce096b2d2acb5f5,2026-09-02 05:47:47+00:00,1,2,0.00880505,0.00879997,5.08e-06,222,2.0,0.004399985,9.562e-06,0.606224234,-0.597424264
f74c8c19e81b6a485b404721672892fe5be91e42db2a8fb7561d376be7f615dc,2026-09-02 05:47:49+00:00,1,1,0.00059434,0.00059095,3.39e-06,194,1.0,0.00059095,8.727999999999998e-06,0.37420246599999996,-0.373611516
602fc48f89c1fdbbbe82ca2be4c0b18b638511960d10c0ce33112376393562a1,2026-09-02 05:47:49+00:00,1,2,0.00173237,0.00172205,1.032e-05,221,2.0,0.000861025,6.6339999999999995e-06,0.18453134799999998,-0.18280929799999998
03c1383eddbe864b0bc79d68ec3f70dced2e00dfe36102f8e2242acfb8546607,2026-09-02 05:47:49+00:00,1,13,5.42414882,5.42413129,1.753e-05,568,13.0,0.41724086846153846,8.086e-06,1.2680978619999999,4.156033428000001
d8256747458d55ece27f9331fbfb4ad530fc3af35aca3161af35ea93e8aa8f63,2026-09-02 05:47:49+00:00,1,2,0.05390568,0.05390098,4.7e-06,222,2.0,0.02695049,8.204e-06,1.097829048,-1.0439280679999998
fc211ab5150102a78036772bed202832d0e16d98cb513879f27e28cfeba826f2,2026-09-02 05:47:50+00:00,1,2,0.00080517,0.00080035,4.82e-06,224,2.0,0.000400175,8.152e-06,1.0962291240000002,-1.0954287740000002
d1139da95a80a60e1405c62be9e0ece0f7ebbdfabbcbe8a0c803bd81ff474d0b,2026-09-02 05:47:50+00:00,6,2,0.12251061,0.12249326,1.735e-05,964,0.3333333333333333,0.06124663,1.0944e-05,1.120609586,-0.998116326
2ef30edf1b2b03514551701729036359e736d03267d8e6db7ead083fdf9bdb4a,2026-09-02 05:47:50+00:00,1,2,0.0074869,0.00748267,4.23e-06,223,2.0,0.003741335,9.726000000000001e-06,1.12176171,-1.11427904
2eb06cd6bb75818c008e5fb702f7411f6c925ca5ecdcc9b3928639b6d518e978,2026-09-02 05:47:50+00:00,1,2,0.00931461,0.00930756,7.05e-06,222,2.0,0.00465378,7.630000000000001e-06,0.038796964,-0.029489404000000004
8ca7a04f93e4f54b63f43b5794d0e58c5b38eb1c4bc2751c1c956fd8a53326c1,2026-09-02 05:47:50+00:00,1,1,0.27002771,0.27002358,4.13e-06,191,1.0,0.27002358,7.5160000000000005e-06,0.082021484,0.18800209599999998
f14153d920f86929cd064a87833648236ea7c7363ca6fa15f09466353dc1fbfb,2026-09-02 05:47:50+00:00,1,2,0.00135102,0.0013407,1.032e-05,221,2.0,0.00067035,8.616e-06,0.082129554,-0.080788854
f23e6376692495d9ea888e968b144b26be077390c344a568df25bb9e05dc23f9,2026-09-02 05:47:50+00:00,1,1,0.91433744,0.91431377,2.367e-05,191,1.0,0.91431377,9.879999999999999e-06,0.240493656,0.673820114
5e0773f6c237a467b9d0013ab46e1521a242af10fa95762ee0d3abff7b9e39d1,2026-09-02 05:47:50+00:00,1,1,0.18591446,0.18591026,4.2e-06,191,1.0,0.18591026,9.873999999999999e-06,0.276179174,-0.09026891400000003
2664928e5fa4c9fefdd5c8671e76cfb1123740beb3c9d8498ddc43bcf346f8f5,2026-09-02 05:47:52+00:00,1,1,0.93580082,0.93578225,1.857e-05,191,1.0,0.93578225,1.2178e-05,0.461474112,0.47430813800000005
2c9416bf12a70cbccbf4e6b1ff7bbbd30dfa572f813e8c38e87f33b630ca291f,2026-09-02 05:47:52+00:00,1,2,0.00847839,0.00845019,2.82e-05,222,2.0,0.004225095,1.6992e-05,0.40915943399999993,-0.4007092439999999
2799ceb438622cc36359c249f1955250760942ed07ce32447df892296a6f872f,2026-09-02 05:47:52+00:00,1,2,0.84147219,0.84145842,1.377e-05,223,2.0,0.42072921,1.7682e-05,0.5771829780000001,0.26427544199999997
0da97b065d9fbb706c03aa1d57032cd21b5d141b7fbdccfb39a14b6f01cdc23f,2026-09-02 05:47:52+00:00,1,2,0.00128906,0.00127874,1.032e-05,221,2.0,0.00063937,1.5012000000000001e-05,0.39457597200000005,-0.39329723200000005
5a92d4bc2f2978dea38bb4501688986e193dc623f058ceeec1f86206bf9296ba,2026-09-02 05:47:52+00:00,1,1,0.94326339,0.94324087,2.252e-05,191,1.0,0.94324087,1.8676000000000002e-05,0.546042094,0.397198776
f3b21e948a5ae592352ce4824c37b787ba44f8b8475e4f4f0447e7c5bbef3fdc,2026-09-02 05:47:52+00:00,2,5,0.32004637,0.32004034,6.03e-06,463,2.5,0.064008068,1.6168000000000002e-05,0.42289371200000003,-0.10285337200000005
4dcc53c59fc8b8fab093d2a11c6efbc768845c1f23de0af3a091225dd9bfacdc,2026-09-02 05:47:54+00:00,1,20,0.032033,0.03196089,7.211e-05,782,20.0,0.0015980445,2.495e-05,0.42759585200000005,-0.39563496200000003
3f00f22b4775ecbe647e5a5850f93edd843afbf5f1c64954e51c005e0f4b6fd7,2026-09-02 05:47:54+00:00,1,1,0.19143312,0.19142901,4.11e-06,191,1.0,0.19142901,2.3018e-05,0.29758997,-0.10616095999999997
fa892762cfacb6ca911fa8c4085ead2118935a5261542e87e5e442ceabde24b8,2026-09-02 05:47:57+00:00,3,1,0.00466179,0.00465444,7.35e-06,493,0.3333333333333333,0.00465444,2.2424e-05,0.29826510999999994,-0.29361066999999996
