id,price,qty,quoteQty,time,isBuyerMaker,isBestMatch,amount,hour,seconds_since_prev,rolling_avg_amount,amount_deviation,price_change_pct,is_buyer_maker,anomaly_score,is_anomaly
6646690925,77630.0,0.00035,27.1705,2026-09-02 07:27:14.183,False,True,27.1705,7,0.0,27.1705,0.0,0.0,0,0.26317377929597485,0
6646690926,77630.0,0.00165,128.0895,2026-09-02 07:27:14.183,False,True,128.0895,7,0.0,77.63,50.45949999999999,0.0,0,0.25391905515160523,0
6646690927,77630.0,0.002,155.26,2026-09-02 07:27:14.183,False,True,155.26,7,0.0,103.50666666666666,51.75333333333333,0.0,0,0.2552069012481188,0
6646690928,77630.0,0.00135,104.8005,2026-09-02 07:27:14.183,False,True,104.8005,7,0.0,103.830125,0.9703750000000042,0.0,0,0.25512097140256584,0
6646690929,77630.0,0.00065,50.4595,2026-09-02 07:27:14.183,False,True,50.4595,7,0.0,93.15599999999999,-42.69649999999999,0.0,0,0.2674146670304347,0
6646690930,77630.0,0.002,155.26,2026-09-02 07:27:14.183,False,True,155.26,7,0.0,103.50666666666666,51.75333333333333,0.0,0,0.2552069012481188,0
6646690931,77630.0,0.002,155.26,2026-09-02 07:27:14.183,False,True,155.26,7,0.0,110.89999999999999,44.36,0.0,0,0.2548179043032556,0
6646690932,77630.0,0.002,155.26,2026-09-02 07:27:14.183,False,True,155.26,7,0.0,116.445,38.815,0.0,0,0.25533460267532493,0
6646690933,77630.0,0.002,155.26,2026-09-02 07:27:14.184,False,True,155.26,7,0.001,120.75777777777778,34.502222222222215,0.0,0,0.24825852695866218,0
6646690943,77631.27,6e-05,4.6578762,2026-09-02 07:27:14.185,False,True,4.6578762,7,0.001,109.14778761999999,-104.48991141999998,1.6359654772646337e-05,0,0.13190799025214783,0
6646690942,77631.27,7e-05,5.4341889,2026-09-02 07:27:14.185,False,True,5.4341889,7,0.0,99.71927864545454,-94.28508974545454,0.0,0,0.2907248330645087,0
6646690941,77631.04,8e-05,6.2104832,2026-09-02 07:27:14.185,False,True,6.2104832,7,0.0,91.92687902499999,-85.71639582499999,-2.962723655186572e-06,0,0.2575955794966484,0
6646690940,77630.62,7e-05,5.4341434,2026-09-02 07:27:14.185,False,True,5.4341434,7,0.0,85.27359166923075,-79.83944826923076,-5.410207051137483e-06,0,0.231888120709562,0
6646690939,77630.0,7e-05,5.4341,2026-09-02 07:27:14.185,False,True,5.4341,7,0.0,79.57077083571428,-74.13667083571428,-7.986539331983344e-06,0,0.20984644951173465,0
6646690935,77630.0,0.00065,50.4595,2026-09-02 07:27:14.185,False,True,50.4595,7,0.0,77.63001944666667,-27.170519446666667,0.0,0,0.2656234775111687,0
6646690937,77630.0,0.00235,182.4305,2026-09-02 07:27:14.185,False,True,182.4305,7,0.0,84.18004948125,98.25045051875,0.0,0,0.24495259316365214,0
6646690936,77630.0,0.002,155.26,2026-09-02 07:27:14.185,False,True,155.26,7,0.0,88.36122304117646,66.89877695882353,0.0,0,0.2526302979381209,0
6646690934,77630.0,0.00135,104.8005,2026-09-02 07:27:14.185,False,True,104.8005,7,0.0,89.27451620555556,15.525983794444443,0.0,0,0.2553175353163708,0
6646690938,77630.0,7e-05,5.4341,2026-09-02 07:27:14.185,False,True,5.4341,7,0.0,84.86186272105263,-79.42776272105263,0.0,0,0.29093024490605024,0
6646690947,77631.28,7e-05,5.4341896,2026-09-02 07:27:14.186,False,True,5.4341896,7,0.001,80.890479065,-75.456289465,1.6488470951925294e-05,0,0.1369883990875414,0
6646690946,77631.28,7e-05,5.4341896,2026-09-02 07:27:14.186,False,True,5.4341896,7,0.0,79.80366354499999,-74.369473945,0.0,0,0.2900342626549442,0
6646690948,77631.53,0.00178,138.1841234,2026-09-02 07:27:14.186,False,True,138.1841234,7,0.0,80.30839471499999,57.87572868500001,3.220351384225495e-06,0,0.2103667133233904,0
6646690944,77631.27,1e-05,0.7763127,2026-09-02 07:27:14.186,False,True,0.7763127,7,0.0,72.58421035,-71.80789765,-3.3491546539421435e-06,0,0.24717010697267705,0
6646690945,77631.27,7e-05,5.4341889,2026-09-02 07:27:14.186,False,True,5.4341889,7,0.0,67.615894795,-62.181705895,0.0,0,0.2883498889547463,0
6646690956,77631.53,0.01711,1328.2754783,2026-09-02 07:27:14.191,False,True,1328.2754783,7,0.005,131.50669370999998,1196.76878459,3.349165870858428e-06,0,0.049538902428585496,0
6646690954,77631.53,7e-05,5.4342071,2026-09-02 07:27:14.191,False,True,5.4342071,7,0.0,124.01540406499998,-118.58119696499999,0.0,0,0.2905949644258739,0
6646690953,77631.53,7e-05,5.4342071,2026-09-02 07:27:14.191,False,True,5.4342071,7,0.0,116.52411442,-111.08990732000001,0.0,0,0.2909488023404395,0
6646690955,77631.53,7e-05,5.4342071,2026-09-02 07:27:14.191,False,True,5.4342071,7,0.0,109.03282477500002,-103.59861767500003,0.0,0,0.2904009702115339,0
6646690951,77631.53,7e-05,5.4342071,2026-09-02 07:27:14.191,False,True,5.4342071,7,0.0,101.54153513,-96.10732803,0.0,0,0.2907248330645087,0
6646690950,77631.53,7e-05,5.4342071,2026-09-02 07:27:14.191,False,True,5.4342071,7,0.0,101.580351675,-96.14614457500001,0.0,0,0.2907248330645087,0
6646690949,77631.53,0.00347,269.3814091,2026-09-02 07:27:14.191,False,True,269.3814091,7,0.0,114.77771268500001,154.60369641499997,0.0,0,0.23041620782645011,0
6646690952,77631.53,7e-05,5.4342071,2026-09-02 07:27:14.191,False,True,5.4342071,7,0.0,114.73889888000001,-109.30469178000001,0.0,0,0.2909488023404395,0
6646690957,77631.53,0.021,1630.26213,2026-09-02 07:27:14.193,False,True,1630.26213,7,0.002,195.98029821,1434.28183179,0.0,0,0.06594202186568776,0
6646690978,77631.58,7e-05,5.4342106,2026-09-02 07:27:14.194,False,True,5.4342106,7,0.001,195.98030374,-190.54609314,6.440682027708533e-07,0,0.2650781216667429,0
6646690975,77631.57,7e-05,5.4342099,2026-09-02 07:27:14.194,False,True,5.4342099,7,0.0,193.72903923500002,-188.294829335,-1.2881355748728396e-07,0,0.28549488373973037,0
6646690974,77631.54,7e-05,5.4342078,2026-09-02 07:27:14.194,False,True,5.4342078,7,0.0,184.879224625,-179.445016825,-3.864407226439326e-07,0,0.28093437657774273,0
6646690976,77631.57,7e-05,5.4342099,2026-09-02 07:27:14.194,False,True,5.4342099,7,0.0,177.38793512,-171.95372522,3.864408719689294e-07,0,0.282042796447615,0
6646690977,77631.57,7e-05,5.4342099,2026-09-02 07:27:14.194,False,True,5.4342099,7,0.0,172.419620615,-166.985410715,0.0,0,0.28866710748937124,0
6646690979,77631.58,7e-05,5.4342106,2026-09-02 07:27:14.194,False,True,5.4342106,7,0.0,172.419626145,-166.985415545,1.2881357402960703e-07,0,0.2849224636528199,0
6646690984,77631.99,7e-05,5.4342393,2026-09-02 07:27:14.194,False,True,5.4342393,7,0.0,172.41962863,-166.98538933,5.281355860642378e-06,0,0.23123841113417276,0
6646690981,77631.92,7e-05,5.4342344,2026-09-02 07:27:14.194,False,True,5.4342344,7,0.0,172.41963087,-166.98539646999998,-9.01690140997502e-07,0,0.27691114464525735,0
6646690982,77631.99,7e-05,5.4342393,2026-09-02 07:27:14.194,False,True,5.4342393,7,0.0,165.782136665,-160.347897365,9.016909541248452e-07,0,0.275254920441492,0
6646690983,77631.99,7e-05,5.4342393,2026-09-02 07:27:14.194,False,True,5.4342393,7,0.0,166.015032995,-160.580793695,0.0,0,0.28911302652274884,0
6646690985,77632.0,0.00821,637.35872,2026-09-02 07:27:14.194,False,True,637.35872,7,0.0,197.61125955,439.74746044999995,1.2881287725363677e-07,0,0.1635897220789198,0
6646690973,77631.54,7e-05,5.4342078,2026-09-02 07:27:14.194,False,True,5.4342078,7,0.0,131.469196025,-126.034988225,-5.925391591166118e-06,0,0.22802547476901863,0
6646690980,77631.92,7e-05,5.4342344,2026-09-02 07:27:14.194,False,True,5.4342344,7,0.0,131.46919739,-126.03496299000001,4.894917710052127e-06,0,0.2342844797626944,0
6646690972,77631.54,7e-05,5.4342078,2026-09-02 07:27:14.194,False,True,5.4342078,7,0.0,131.469197425,-126.03498962500001,-4.8948937499959655e-06,0,0.23430079871783926,0
6646690960,77631.53,7e-05,5.4342071,2026-09-02 07:27:14.194,False,True,5.4342071,7,0.0,131.469197425,-126.03499032500001,-1.2881362387862083e-07,0,0.2897692306364073,0
6646690970,77631.54,7e-05,5.4342078,2026-09-02 07:27:14.194,False,True,5.4342078,7,0.0,131.46919746,-126.03498966000001,1.288136404209439e-07,0,0.2863923599466886,0
6646690958,77631.53,7e-05,5.4342071,2026-09-02 07:27:14.194,False,True,5.4342071,7,0.0,131.46919746,-126.03499036000001,-1.2881362387862083e-07,0,0.2897692306364073,0
6646690971,77631.54,7e-05,5.4342078,2026-09-02 07:27:14.194,False,True,5.4342078,7,0.0,118.271837395,-112.83762959500001,1.288136404209439e-07,0,0.28758340585414455,0
6646690961,77631.53,7e-05,5.4342071,2026-09-02 07:27:14.194,False,True,5.4342071,7,0.0,118.271837395,-112.83763029500001,-1.2881362387862083e-07,0,0.2909488023404395,0
6646690962,77631.53,7e-05,5.4342071,2026-09-02 07:27:14.194,False,True,5.4342071,7,0.0,37.03044125,-31.59623415,0.0,0,0.282700554567663,0
6646690963,77631.53,7e-05,5.4342071,2026-09-02 07:27:14.194,False,True,5.4342071,7,0.0,37.030441075,-31.596233974999997,0.0,0,0.282700554567663,0
6646690959,77631.53,0.00704,546.5259712,2026-09-02 07:27:14.194,False,True,546.5259712,7,0.0,64.08502914,482.44094205999994,0.0,0,0.18110311277701563,0
6646690965,77631.53,7e-05,5.4342071,2026-09-02 07:27:14.194,False,True,5.4342071,7,0.0,64.085029105,-58.650822005,0.0,0,0.2877332116553681,0
6646690966,77631.53,7e-05,5.4342071,2026-09-02 07:27:14.194,False,True,5.4342071,7,0.0,64.085028965,-58.650821865000005,0.0,0,0.2877332116553681,0
6646690967,77631.53,0.004,310.52612,2026-09-02 07:27:14.194,False,True,310.52612,7,0.0,79.33962447,231.18649553,0.0,0,0.22535198586109412,0
6646690968,77631.53,7e-05,5.4342071,2026-09-02 07:27:14.194,False,True,5.4342071,7,0.0,79.339624295,-73.905417195,0.0,0,0.2900342626549442,0
6646690969,77631.53,7e-05,5.4342071,2026-09-02 07:27:14.194,False,True,5.4342071,7,0.0,79.339622685,-73.905415585,0.0,0,0.2900342626549442,0
6646690964,77631.53,7e-05,5.4342071,2026-09-02 07:27:14.194,False,True,5.4342071,7,0.0,79.33962132,-73.90541422000001,0.0,0,0.2900342626549442,0
6646690986,77632.0,0.00179,138.96128,2026-09-02 07:27:14.195,False,True,138.96128,7,0.001,86.015973355,52.94530664499999,6.054241105335478e-06,0,0.18049961141354043,0
6646690987,77632.0,0.005,388.16,2026-09-02 07:27:14.195,False,True,388.16,7,0.0,105.15226139,283.00773861000005,0.0,0,0.21031630723331485,0
6646690988,77632.0,0.01,776.32,2026-09-02 07:27:14.195,False,True,776.32,7,0.0,112.10032539,664.2196746100001,0.0,0,0.1504417076249882,0
6646690989,77632.0,0.00421,326.83072,2026-09-02 07:27:14.195,False,True,326.83072,7,0.0,128.170151,198.66056899999998,0.0,0,0.22373640786549165,0
6646690998,77632.78,7e-05,5.4342946,2026-09-02 07:27:14.197,False,True,5.4342946,7,0.002,128.17015401,-122.73585941,1.0047403132817934e-05,0,0.1803587685517492,0
6646691002,77632.93,0.00683,530.2329119,2026-09-02 07:27:14.197,False,True,530.2329119,7,0.0,154.410089215,375.822822685,1.9321734967547854e-06,0,0.150801890670762,0
6646691001,77632.92,7e-05,5.4343044,2026-09-02 07:27:14.197,False,True,5.4343044,7,0.0,154.41009408000002,-148.97578968000002,-1.2881131750130947e-07,0,0.2894920928302148,0
6646691000,77632.92,7e-05,5.4343044,2026-09-02 07:27:14.197,False,True,5.4343044,7,0.0,154.41009891000002,-148.97579451000001,0.0,0,0.2894920928302148,0
6646690999,77632.92,7e-05,5.4343044,2026-09-02 07:27:14.197,False,True,5.4343044,7,0.0,154.410103775,-148.975799375,0.0,0,0.2894920928302148,0
6646690997,77632.78,7e-05,5.4342946,2026-09-02 07:27:14.197,False,True,5.4342946,7,0.0,154.410108115,-148.97581351500003,-1.8033586782761901e-06,0,0.27210214399146654,0
6646690996,77632.78,0.00875,679.286825,2026-09-02 07:27:14.197,False,True,679.286825,7,0.0,188.10273901,491.18408599,0.0,0,0.17084351861742936,0
6646690995,77632.75,0.004,310.531,2026-09-02 07:27:14.197,False,True,310.531,7,0.0,203.357578655,107.17342134500001,-3.864346993509571e-07,0,0.22446987468600121,0
6646690994,77632.0,7e-05,5.43424,2026-09-02 07:27:14.197,False,True,5.43424,7,0.0,203.3575803,-197.9233403,-9.660871217342937e-06,0,0.19068959510961292,0
6646690993,77632.0,7e-05,5.43424,2026-09-02 07:27:14.197,False,True,5.43424,7,0.0,176.30299374,-170.86875374000002,0.0,0,0.2883417608932736,0
6646690992,77632.0,7e-05,5.43424,2026-09-02 07:27:14.197,False,True,5.43424,7,0.0,176.302995385,-170.86875538500001,0.0,0,0.2883417608932736,0
6646690991,77632.0,7e-05,5.43424,2026-09-02 07:27:14.197,False,True,5.43424,7,0.0,176.30299703,-170.86875703,0.0,0,0.2883417608932736,0
6646690990,77632.0,0.00079,61.32928,2026-09-02 07:27:14.197,False,True,61.32928,7,0.0,163.84315503,-102.51387503,0.0,0,0.26646895272951077,0
6646691003,77632.93,0.021,1630.29153,2026-09-02 07:27:14.198,False,True,1630.29153,7,0.001,245.08602117499998,1385.205508825,1.1979596042710483e-05,0,0.0007195772067525308,0
6646691004,77632.93,0.00115,89.2778695,2026-09-02 07:27:14.202,False,True,89.2778695,7,0.004,249.27820429499997,-160.00033479499996,0.0,0,0.24522744112075728,0
6646691005,77632.93,7e-05,5.4343051,2026-09-02 07:27:14.202,False,True,5.4343051,7,0.0,249.278209195,-243.843904095,0.0,0,0.282937416165629,0
6646691006,77632.93,7e-05,5.4343051,2026-09-02 07:27:14.202,False,True,5.4343051,7,0.0,242.60186045,-237.16755535000001,0.0,0,0.2831876040146804,0
6646691007,77632.93,0.01971,1530.1450503,2026-09-02 07:27:14.202,False,True,1530.1450503,7,0.0,299.70111296500005,1230.443937335,0.0,0,0.08258428806148632,0
6646691008,77632.92,0.02564,1990.5080688,2026-09-02 07:27:14.491,True,True,1990.5080688,7,0.289,360.410516405,1630.097552395,-1.2881131750130947e-07,1,0.022360712897242396,0
6646691009,77632.92,0.01079,837.6592068,2026-09-02 07:27:14.608,True,True,837.6592068,7,0.117,385.951940745,451.707266055,0.0,1,0.12835110027781516,0
6646691010,77632.92,0.02205,1711.805886,2026-09-02 07:27:14.638,True,True,1711.805886,7,0.03,471.27052031500006,1240.535365685,0.0,1,0.11132878866783791,0
6646691011,77632.92,0.01,776.3292,2026-09-02 07:27:14.641,True,True,776.3292,7,0.003,483.57533471999994,292.75386528000007,0.0,1,0.1979788889403984,0
6646691012,77632.93,7e-05,5.4343051,2026-09-02 07:27:14.652,False,True,5.4343051,7,0.011,483.57533475500003,-478.141029655,1.2881133404363254e-07,0,0.22057485377534214,0
6646691013,77632.93,0.00064,49.6850752,2026-09-02 07:27:14.652,False,True,49.6850752,7,0.0,485.787873295,-436.102798095,0.0,0,0.24309283796974918,0
6646691035,77632.93,7e-05,5.4343051,2026-09-02 07:27:14.773,False,True,5.4343051,7,0.121,485.78787333,-480.35356823,0.0,0,0.17511043366257595,0
6646691036,77632.94,7e-05,5.4343058,2026-09-02 07:27:14.773,False,True,5.4343058,7,0.0,485.78787389000007,-480.35356809000007,1.2881131761233178e-07,0,0.2510348857079506,0
6646691037,77632.94,7e-05,5.4343058,2026-09-02 07:27:14.773,False,True,5.4343058,7,0.0,452.09524793,-446.66094213,0.0,0,0.2610243560934608,0
6646691038,77632.94,7e-05,5.4343058,2026-09-02 07:27:14.773,False,True,5.4343058,7,0.0,436.84041322,-431.40610742,0.0,0,0.26531832922748316,0
6646691039,77632.94,7e-05,5.4343058,2026-09-02 07:27:14.773,False,True,5.4343058,7,0.0,436.84041650999995,-431.40611070999995,0.0,0,0.26531832922748316,0
6646691040,77632.94,7e-05,5.4343058,2026-09-02 07:27:14.773,False,True,5.4343058,7,0.0,436.8404198,-431.406114,0.0,0,0.26531832922748316,0
6646691041,77632.94,7e-05,5.4343058,2026-09-02 07:27:14.773,False,True,5.4343058,7,0.0,436.84042309000006,-431.40611729000005,0.0,0,0.26531832922748316,0
6646691042,77632.94,7e-05,5.4343058,2026-09-02 07:27:14.773,False,True,5.4343058,7,0.0,436.84042638,-431.40612058,0.0,0,0.26531832922748316,0
6646691051,77634.0,0.00154,119.55636,2026-09-02 07:27:14.773,False,True,119.55636,7,0.0,439.75178038,-320.19542038000003,1.3653997903428916e-05,0,0.12752344743268562,0
6646691044,77632.94,7e-05,5.4343058,2026-09-02 07:27:14.773,False,True,5.4343058,7,0.0,358.50891917,-353.07461337,-1.3653811474334532e-05,0,0.1535702886233043,0
6646691045,77632.94,7e-05,5.4343058,2026-09-02 07:27:14.773,False,True,5.4343058,7,0.0,354.316740985,-348.882435185,0.0,0,0.27568919734841507,0
6646691046,77633.76,7e-05,5.4343632,2026-09-02 07:27:14.773,False,True,5.4343632,7,0.0,354.31674389,-348.88238069,1.0562526679969153e-05,0,0.18588540980818596,0
6646691047,77633.99,7e-05,5.4343793,2026-09-02 07:27:14.773,False,True,5.4343793,7,0.0,354.3167476,-348.8823683,2.9626286297546045e-06,0,0.23801272183337524,0
6646691048,77633.99,7e-05,5.4343793,2026-09-02 07:27:14.773,False,True,5.4343793,7,0.0,278.08121405,-272.64683475000004,0.0,0,0.2792117698006081,0
6646691049,77633.99,7e-05,5.4343793,2026-09-02 07:27:14.773,False,True,5.4343793,7,0.0,178.82752957500003,-173.39315027500004,0.0,0,0.2883417608932736,0
6646691050,77634.0,0.01,776.34,2026-09-02 07:27:14.773,False,True,776.34,7,0.0,175.761569235,600.578430765,1.2880955879701617e-07,0,0.14382439840139433,0
6646691034,77632.93,7e-05,5.4343051,2026-09-02 07:27:14.773,False,True,5.4343051,7,0.0,90.44299019,-85.00868509,-1.3782621016700247e-05,0,0.1722695343393007,0
6646691043,77632.94,7e-05,5.4343058,2026-09-02 07:27:14.773,False,True,5.4343058,7,0.0,51.89824547999999,-46.463939679999996,1.2881131761233178e-07,0,0.28233656937827284,0
6646691033,77632.93,7e-05,5.4343051,2026-09-02 07:27:14.773,False,True,5.4343051,7,0.0,51.89824548,-46.46394038,-1.288113010700087e-07,0,0.2865585831734044,0
6646691032,77632.93,7e-05,5.4343051,2026-09-02 07:27:14.773,False,True,5.4343051,7,0.0,49.685706975,-44.251401875,0.0,0,0.2861392852703431,0
6646691031,77632.93,7e-05,5.4343051,2026-09-02 07:27:14.773,False,True,5.4343051,7,0.0,49.685706975,-44.251401875,0.0,0,0.2861392852703431,0
6646691014,77632.93,0.00777,603.2078661,2026-09-02 07:27:14.773,False,True,603.2078661,7,0.0,79.57438499,523.63348111,0.0,0,0.17120836414684382,0
6646691016,77632.93,7e-05,5.4343051,2026-09-02 07:27:14.773,False,True,5.4343051,7,0.0,79.574384955,-74.140079855,0.0,0,0.2900342626549442,0
6646691017,77632.93,7e-05,5.4343051,2026-09-02 07:27:14.773,False,True,5.4343051,7,0.0,79.57438492000001,-74.14007982000001,0.0,0,0.2900342626549442,0
6646691018,77632.93,7e-05,5.4343051,2026-09-02 07:27:14.773,False,True,5.4343051,7,0.0,79.574384885,-74.140079785,0.0,0,0.2900342626549442,0
6646691019,77632.93,7e-05,5.4343051,2026-09-02 07:27:14.773,False,True,5.4343051,7,0.0,79.57438485,-74.14007975,0.0,0,0.2900342626549442,0
6646691020,77632.93,7e-05,5.4343051,2026-09-02 07:27:14.773,False,True,5.4343051,7,0.0,79.574384815,-74.140079715,0.0,0,0.2900342626549442,0
6646691021,77632.93,7e-05,5.4343051,2026-09-02 07:27:14.773,False,True,5.4343051,7,0.0,79.57438478000002,-74.14007968000001,0.0,0,0.2900342626549442,0
6646691022,77632.93,0.004,310.53172,2026-09-02 07:27:14.773,False,True,310.53172,7,0.0,89.12315278000001,221.40856722,0.0,0,0.22719733029343997,0
6646691015,77632.93,7e-05,5.4343051,2026-09-02 07:27:14.773,False,True,5.4343051,7,0.0,89.123152745,-83.688847645,0.0,0,0.29093024490605024,0
6646691024,77632.93,8e-05,6.2106344,2026-09-02 07:27:14.773,False,True,6.2106344,7,0.0,89.161969175,-82.95133477499999,0.0,0,0.28902439733084107,0
6646691025,77632.93,7e-05,5.4343051,2026-09-02 07:27:14.773,False,True,5.4343051,7,0.0,89.16196627000001,-83.72766117,0.0,0,0.29093024490605024,0
6646691026,77632.93,7e-05,5.4343051,2026-09-02 07:27:14.773,False,True,5.4343051,7,0.0,89.16196256,-83.72765746,0.0,0,0.29093024490605024,0
6646691027,77632.93,0.00014,10.8686102,2026-09-02 07:27:14.773,False,True,10.8686102,7,0.0,89.43367410500001,-78.565063905,0.0,0,0.28541801026118396,0
6646691028,77632.93,7e-05,5.4343051,2026-09-02 07:27:14.773,False,True,5.4343051,7,0.0,89.43367039500001,-83.999365295,0.0,0,0.29093024490605024,0
6646691029,77632.93,7e-05,5.4343051,2026-09-02 07:27:14.773,False,True,5.4343051,7,0.0,50.888385650000004,-45.45408055,0.0,0,0.2862825326784106,0
6646691023,77632.93,7e-05,5.4343051,2026-09-02 07:27:14.773,False,True,5.4343051,7,0.0,50.888385650000004,-45.45408055,0.0,0,0.2862825326784106,0
6646691030,77632.93,7e-05,5.4343051,2026-09-02 07:27:14.773,False,True,5.4343051,7,0.0,50.888385615000004,-45.454080515,0.0,0,0.2862825326784106,0
6646691052,77634.0,0.00346,268.61364,2026-09-02 07:27:15.040,False,True,268.61364,7,0.267,64.04735236,204.56628763999998,1.3782810979856563e-05,0,0.005172371540678178,0
6646691053,77634.0,0.00378,293.45652,2026-09-02 07:27:15.040,False,True,293.45652,7,0.0,78.448463105,215.008056895,0.0,0,0.2246896369589097,0
6646691054,77634.0,0.00258,200.29572,2026-09-02 07:27:15.044,False,True,200.29572,7,0.004,88.19153385000001,112.10418614999998,0.0,0,0.2228366537978544,0
6646691055,77634.0,0.00124,96.26616,2026-09-02 07:27:15.294,False,True,96.26616,7,0.25,62.84444854499999,33.42171145500001,0.0,0,0.12027849201204033,0
6646691080,77634.0,0.01249,969.64866,2026-09-02 07:27:15.779,False,True,969.64866,7,0.485,111.05516628999999,858.59349371,0.0,0,0.013911573577608416,0
6646691079,77634.0,7e-05,5.43438,2026-09-02 07:27:15.779,False,True,5.43438,7,0.0,111.05517003499999,-105.62079003499998,0.0,0,0.2907227055734563,0
6646691078,77634.0,7e-05,5.43438,2026-09-02 07:27:15.779,False,True,5.43438,7,0.0,111.05517377999999,-105.62079377999999,0.0,0,0.2907227055734563,0
6646691077,77634.0,0.00434,336.93156,2026-09-02 07:27:15.779,False,True,336.93156,7,0.0,127.630036525,209.301523475,0.0,0,0.22160427334893606,0
6646691076,77634.0,7e-05,5.43438,2026-09-02 07:27:15.779,False,True,5.43438,7,0.0,127.63004027000002,-122.19566027000002,0.0,0,0.2903222260347014,0
6646691075,77634.0,7e-05,5.43438,2026-09-02 07:27:15.779,False,True,5.43438,7,0.0,127.630044015,-122.19566401499999,0.0,0,0.2903222260347014,0
6646691074,77634.0,7e-05,5.43438,2026-09-02 07:27:15.779,False,True,5.43438,7,0.0,112.375177015,-106.940797015,0.0,0,0.2907227055734563,0
6646691073,77634.0,7e-05,5.43438,2026-09-02 07:27:15.779,False,True,5.43438,7,0.0,112.37518076,-106.94080076,0.0,0,0.2907227055734563,0
6646691072,77634.0,8e-05,6.21072,2026-09-02 07:27:15.779,False,True,6.21072,7,0.0,112.37518504000002,-106.16446504000002,0.0,0,0.2886979340800893,0
6646691071,77634.0,0.00013,10.09242,2026-09-02 07:27:15.779,False,True,10.09242,7,0.0,112.60809078500002,-102.51567078500001,0.0,0,0.28494591797178886,0
6646691069,77634.0,7e-05,5.43438,2026-09-02 07:27:15.779,False,True,5.43438,7,0.0,112.60809452999999,-107.17371452999998,0.0,0,0.2907227055734563,0
6646691068,77634.0,7e-05,5.43438,2026-09-02 07:27:15.779,False,True,5.43438,7,0.0,112.33638302,-106.90200302,0.0,0,0.2907227055734563,0
6646691070,77634.0,7e-05,5.43438,2026-09-02 07:27:15.779,False,True,5.43438,7,0.0,112.336386765,-106.902006765,0.0,0,0.2907227055734563,0
6646691066,77634.0,7e-05,5.43438,2026-09-02 07:27:15.779,False,True,5.43438,7,0.0,112.33639051,-106.90201051,0.0,0,0.2907227055734563,0
6646691056,77634.0,0.0024,186.3216,2026-09-02 07:27:15.779,False,True,186.3216,7,0.0,121.38075525500001,64.94084474499998,0.0,0,0.2476435821706534,0
6646691057,77634.0,0.005,388.17,2026-09-02 07:27:15.779,False,True,388.17,7,0.0,140.51754,247.65246000000002,0.0,0,0.21312969651761782,0
6646691059,77634.0,7e-05,5.43438,2026-09-02 07:27:15.779,False,True,5.43438,7,0.0,127.358577,-121.92419699999999,0.0,0,0.2903222260347014,0
6646691060,77634.0,7e-05,5.43438,2026-09-02 07:27:15.779,False,True,5.43438,7,0.0,112.95746999999999,-107.52308999999998,0.0,0,0.2909218204664184,0
6646691061,77634.0,7e-05,5.43438,2026-09-02 07:27:15.779,False,True,5.43438,7,0.0,103.21440300000002,-97.78002300000001,0.0,0,0.2906674444121587,0
6646691058,77634.0,7e-05,5.43438,2026-09-02 07:27:15.779,False,True,5.43438,7,0.0,98.672814,-93.238434,0.0,0,0.2907248330645087,0
6646691063,77634.0,7e-05,5.43438,2026-09-02 07:27:15.779,False,True,5.43438,7,0.0,50.46210000000001,-45.02772000000001,0.0,0,0.2862825326784106,0
6646691064,77634.0,7e-05,5.43438,2026-09-02 07:27:15.779,False,True,5.43438,7,0.0,50.4621,-45.02772,0.0,0,0.2862825326784106,0
6646691065,77634.0,7e-05,5.43438,2026-09-02 07:27:15.779,False,True,5.43438,7,0.0,50.46210000000001,-45.02772000000001,0.0,0,0.2862825326784106,0
6646691067,77634.0,7e-05,5.43438,2026-09-02 07:27:15.779,False,True,5.43438,7,0.0,33.887241,-28.452861000000002,0.0,0,0.28258070479593567,0
6646691062,77634.0,7e-05,5.43438,2026-09-02 07:27:15.779,False,True,5.43438,7,0.0,33.887241,-28.452861000000002,0.0,0,0.28258070479593567,0
6646691081,77633.99,0.00071,55.1201329,2026-09-02 07:27:15.820,True,True,55.1201329,7,0.041,36.371528645,18.748604255000004,-1.288095421436708e-07,1,0.23088232884259396,0
6646691082,77634.0,0.015,1164.51,2026-09-02 07:27:15.991,False,True,1164.51,7,0.171,94.32530964499999,1070.184690355,1.2880955879701617e-07,0,0.06335338925510337,0
6646691083,77633.99,0.00128,99.3715072,2026-09-02 07:27:16.168,True,True,99.3715072,7,0.177,99.022166005,0.34934119499999383,-1.288095421436708e-07,1,0.15950430940902394,0
6646691084,77634.0,0.02576,1999.85184,2026-09-02 07:27:16.621,False,True,1999.85184,7,0.453,198.70422200500002,1801.147617995,1.2880955879701617e-07,0,-0.019037358798203008,1
6646691085,77634.0,0.0007,54.3438,2026-09-02 07:27:16.972,False,True,54.3438,7,0.351,200.916791005,-146.572991005,0.0,0,0.10161819044645792,0
6646691086,77633.99,0.015,1164.50985,2026-09-02 07:27:17.016,True,True,1164.50985,7,0.044,258.870564505,905.639285495,-1.288095421436708e-07,1,0.1233203128957896,0
6646691087,77634.0,0.02577,2000.62818,2026-09-02 07:27:17.472,False,True,2000.62818,7,0.456,358.630254505,1641.997925495,1.2880955879701617e-07,0,-0.012885951591442124,1
6646691088,77633.99,0.0007,54.343793,2026-09-02 07:27:18.131,True,True,54.343793,7,0.659,361.075725155,-306.731932155,-1.288095421436708e-07,1,0.029909205617644874,0
6646691089,77634.0,0.02576,1999.85184,2026-09-02 07:27:18.317,False,True,1999.85184,7,0.186,460.79659815499997,1539.0552418450002,1.2880955879701617e-07,0,0.030541733744522515,0
6646691090,77634.0,0.00579,449.50086,2026-09-02 07:27:18.470,False,True,449.50086,7,0.153,473.95556115500005,-24.454701155000066,0.0,0,0.13618200716830442,0
6646691091,77634.0,0.00994,771.68196,2026-09-02 07:27:18.470,False,True,771.68196,7,0.0,493.13115915500003,278.55080084499997,0.0,0,0.17099666859322116,0
6646691092,77634.0,0.00353,274.04802,2026-09-02 07:27:18.486,False,True,274.04802,7,0.016,506.561841155,-232.51382115500002,0.0,0,0.19816544386852608,0
6646691093,77634.0,0.01289,1000.70226,2026-09-02 07:27:18.638,False,True,1000.70226,7,0.152,556.325235155,444.37702484500005,0.0,0,0.09590629176507148,0
6646691094,77634.0,0.00064,49.68576,2026-09-02 07:27:18.942,False,True,49.68576,7,0.304,558.537804155,-508.852044155,0.0,0,0.09127934782068636,0
6646691095,77634.0,0.02577,2000.62818,2026-09-02 07:27:19.032,False,True,2000.62818,7,0.09,658.297494155,1342.330685845,0.0,0,0.03905186940280736,0
6646691096,77634.0,0.00071,55.12014,2026-09-02 07:27:19.214,False,True,55.12014,7,0.182,660.781782155,-605.661642155,0.0,0,0.11874443368832666,0
6646691097,77633.99,0.00155,120.3326845,2026-09-02 07:27:19.249,True,True,120.3326845,7,0.035,666.5266973800001,-546.1940128800001,-1.288095421436708e-07,1,0.17177573286411468,0
6646691098,77634.0,0.015,1164.51,2026-09-02 07:27:19.587,False,True,1164.51,7,0.338,724.48047838,440.02952161999997,1.2880955879701617e-07,0,0.038929462849555785,0
6646691112,77634.0,7e-05,5.43438,2026-09-02 07:27:19.739,False,True,5.43438,7,0.152,724.4804783799999,-719.0460983799999,0.0,0,0.11591989689571247,0
6646691113,77634.0,7e-05,5.43438,2026-09-02 07:27:19.739,False,True,5.43438,7,0.0,724.48047838,-719.04609838,0.0,0,0.2135666705491131,0
6646691114,77634.0,0.00457,354.78738,2026-09-02 07:27:19.739,False,True,354.78738,7,0.0,739.463840735,-384.676460735,0.0,0,0.20378094085379672,0
6646691115,77634.0,7e-05,5.43438,2026-09-02 07:27:19.739,False,True,5.43438,7,0.0,681.510059735,-676.075679735,0.0,0,0.22138857541945062,0
6646691120,77634.0,0.00656,509.27904,2026-09-02 07:27:19.739,False,True,509.27904,7,0.0,702.0054363749999,-192.72639637499992,0.0,0,0.2029812920825278,0
6646691117,77634.0,0.00064,49.68576,2026-09-02 07:27:19.739,False,True,49.68576,7,0.0,604.497132375,-554.811372375,0.0,0,0.22424786934040836,0
6646691118,77634.0,0.00065,50.4621,2026-09-02 07:27:19.739,False,True,50.4621,7,0.0,604.303047375,-553.840947375,0.0,0,0.22424786934040836,0
6646691119,77634.0,7e-05,5.43438,2026-09-02 07:27:19.739,False,True,5.43438,7,0.0,546.3492738749999,-540.9148938749998,0.0,0,0.24802359852093875,0
6646691111,77634.0,7e-05,5.43438,2026-09-02 07:27:19.739,False,True,5.43438,7,0.0,446.58958387499996,-441.155203875,0.0,0,0.26292282203044415,0
6646691116,77634.0,7e-05,5.43438,2026-09-02 07:27:19.739,False,True,5.43438,7,0.0,444.144113225,-438.70973322500004,0.0,0,0.26304932080468324,0
6646691110,77634.0,7e-05,5.43438,2026-09-02 07:27:19.739,False,True,5.43438,7,0.0,344.42324022500003,-338.98886022500005,0.0,0,0.27715190288535047,0
6646691104,77634.0,7e-05,5.43438,2026-09-02 07:27:19.739,False,True,5.43438,7,0.0,322.219916225,-316.78553622500004,0.0,0,0.27865193515961384,0
6646691108,77634.0,7e-05,5.43438,2026-09-02 07:27:19.739,False,True,5.43438,7,0.0,283.907537225,-278.473157225,0.0,0,0.2792117698006081,0
6646691107,77634.0,7e-05,5.43438,2026-09-02 07:27:19.739,False,True,5.43438,7,0.0,270.476855225,-265.04247522500003,0.0,0,0.2792117698006081,0
6646691106,77634.0,0.00013,10.09242,2026-09-02 07:27:19.739,False,True,10.09242,7,0.0,220.946363225,-210.853943225,0.0,0,0.27910621674435976,0
6646691105,77634.0,7e-05,5.43438,2026-09-02 07:27:19.739,False,True,5.43438,7,0.0,218.73379422499997,-213.29941422499996,0.0,0,0.2840534899165177,0
6646691109,77634.0,7e-05,5.43438,2026-09-02 07:27:19.739,False,True,5.43438,7,0.0,118.97410422499999,-113.53972422499999,0.0,0,0.2909488023404395,0
6646691103,77634.0,7e-05,5.43438,2026-09-02 07:27:19.739,False,True,5.43438,7,0.0,116.489816225,-111.055436225,0.0,0,0.2909488023404395,0
6646691102,77634.0,8e-05,6.21072,2026-09-02 07:27:19.739,False,True,6.21072,7,0.0,110.78371799999998,-104.57299799999998,0.0,0,0.2884066954709793,0
6646691101,77634.0,0.0001,7.7634,2026-09-02 07:27:19.739,False,True,7.7634,7,0.0,52.946388,-45.182988,0.0,0,0.2820513324055326,0
6646691100,77634.0,7e-05,5.43438,2026-09-02 07:27:19.739,False,True,5.43438,7,0.0,52.946388,-47.512008,0.0,0,0.2865585831734044,0
6646691099,77634.0,0.01205,935.4897,2026-09-02 07:27:19.739,False,True,935.4897,7,0.0,99.449154,836.040546,0.0,0,0.13003202261441305,0
6646691121,77633.99,0.0007,54.343793,2026-09-02 07:27:20.371,True,True,54.343793,7,0.632,84.42697464999999,-30.083181649999993,-1.288095421436708e-07,1,0.037757618540396165,0
6646691122,77634.0,0.02576,1999.85184,2026-09-02 07:27:20.589,False,True,1999.85184,7,0.218,184.14784765,1815.7039923500001,1.2880955879701617e-07,0,0.006716776615756093,0
6646691123,77633.99,0.015,1164.50985,2026-09-02 07:27:20.615,True,True,1164.50985,7,0.026,216.90938814999998,947.6004618499999,-1.288095421436708e-07,1,0.1368711265504834,0
6646691124,77634.0,6e-05,4.65804,2026-09-02 07:27:20.861,False,True,4.65804,7,0.246,214.65800215,-209.99996215,1.2880955879701617e-07,0,0.13063052308001788,0
6646691125,77634.0,0.002,155.268,2026-09-02 07:27:21.110,False,True,155.268,7,0.249,219.89829715000002,-64.63029715000002,0.0,0,0.12497550313421113,0
6646691126,77634.0,0.002,155.268,2026-09-02 07:27:21.111,False,True,155.268,7,0.001,227.38997815000002,-72.12197815000002,0.0,0,0.2536444117344725,0
6646691127,77634.0,0.002,155.268,2026-09-02 07:27:21.111,False,True,155.268,7,0.0,234.88165915,-79.61365914999999,0.0,0,0.2596833664463242,0
6646691128,77634.0,0.002,155.268,2026-09-02 07:27:21.111,False,True,155.268,7,0.0,242.37334015000002,-87.10534015000002,0.0,0,0.25920899691129856,0
6646691129,77634.0,0.002,155.268,2026-09-02 07:27:21.111,False,True,155.268,7,0.0,249.86502115000002,-94.59702115000002,0.0,0,0.25762722056685794,0
6646691130,77634.0,0.004,310.536,2026-09-02 07:27:21.114,False,True,310.536,7,0.003,265.12010215,45.41589785000002,0.0,0,0.22444446710897897,0
6646691131,77634.0,0.004,310.536,2026-09-02 07:27:21.114,False,True,310.536,7,0.0,280.37518315,30.160816850000003,0.0,0,0.2404423031280853,0
6646691132,77634.0,0.004,310.536,2026-09-02 07:27:21.115,False,True,310.536,7,0.001,295.63026415,14.905735849999985,0.0,0,0.2326441108193143,0
6646691133,77634.0,0.004,310.536,2026-09-02 07:27:21.115,False,True,310.536,7,0.0,310.65244314999995,-0.11644314999995231,0.0,0,0.2410879680412814,0
6646691134,77634.0,0.004,310.536,2026-09-02 07:27:21.116,False,True,310.536,7,0.001,325.90752415,-15.37152414999997,0.0,0,0.23400487308465345,0
6646691135,77634.0,0.004,310.536,2026-09-02 07:27:21.117,False,True,310.536,7,0.001,341.16260515,-30.62660514999999,0.0,0,0.23250273465478383,0
6646691136,77634.0,0.004,310.536,2026-09-02 07:27:21.117,False,True,310.536,7,0.0,356.41768614999995,-45.88168614999995,0.0,0,0.24162231960592712,0
6646691137,77634.0,0.004,310.536,2026-09-02 07:27:21.125,False,True,310.536,7,0.008,371.63395015000003,-61.09795015000003,0.0,0,0.21326964726899955,0
6646691138,77634.0,0.0005,38.817,2026-09-02 07:27:21.145,False,True,38.817,7,0.02,373.18663015,-334.36963015,0.0,0,0.222164630660589,0
6646691139,77634.0,0.02577,2000.62818,2026-09-02 07:27:21.390,False,True,2000.62818,7,0.245,472.94632014999996,1527.68185985,0.0,0,0.029364748254323114,0
6646691140,77634.0,0.00069,53.56746,2026-09-02 07:27:21.467,False,True,53.56746,7,0.077,428.85020814999996,-375.28274815,0.0,0,0.19175957321696424,0
6646691142,77634.0,0.01807,1402.84638,2026-09-02 07:27:22.101,False,True,1402.84638,7,0.634,496.27533750000003,906.5710425,0.0,0,-0.014012949594272572,1
6646691141,77634.0,0.00769,597.00546,2026-09-02 07:27:22.101,False,True,597.00546,7,0.0,426.1330185,170.87244149999998,0.0,0,0.19222202682937056,0
6646691143,77633.99,0.00069,53.5674531,2026-09-02 07:27:22.591,True,True,53.5674531,7,0.49,370.585898655,-317.01844555499997,-1.288095421436708e-07,1,0.08094378264270363,0
6646691144,77634.0,0.0039,302.7726,2026-09-02 07:27:22.639,False,True,302.7726,7,0.048,385.491626655,-82.719026655,1.2880955879701617e-07,0,0.17851830615923964,0
6646691145,77634.0,0.02577,2000.62818,2026-09-02 07:27:22.884,False,True,2000.62818,7,0.245,477.75963565499995,1522.868544345,0.0,0,0.028953546622258575,0
6646691146,77634.0,0.015,1164.51,2026-09-02 07:27:23.180,False,True,1164.51,7,0.296,528.221735655,636.288264345,0.0,0,0.06355643660417443,0
6646691147,77634.0,0.02054,1594.60236,2026-09-02 07:27:23.692,False,True,1594.60236,7,0.512,600.188453655,994.4139063450001,0.0,0,-0.0010793658101286852,1
6646691148,77634.0,0.00522,405.24948,2026-09-02 07:27:23.692,False,True,405.24948,7,0.0,612.6875276549999,-207.43804765499993,0.0,0,0.21745131030062764,0
6646691149,77634.0,6e-05,4.65804,2026-09-02 07:27:23.721,False,True,4.65804,7,0.029,605.157029655,-600.498989655,0.0,0,0.1872286182565231,0
6646691150,77634.0,0.00069,53.56746,2026-09-02 07:27:23.801,False,True,53.56746,7,0.08,592.308602655,-538.741142655,0.0,0,0.16777964588779354,0
6646691151,77633.99,0.015,1164.50985,2026-09-02 07:27:24.204,True,True,1164.50985,7,0.403,635.007295155,529.502554845,-1.288095421436708e-07,1,0.03855968319408565,0
6646691152,77634.0,0.005,388.17,2026-09-02 07:27:24.274,False,True,388.17,7,0.07,638.888995155,-250.71899515499996,1.2880955879701617e-07,0,0.14688702406919313,0
6646691165,77634.0,7e-05,5.43438,2026-09-02 07:27:24.445,False,True,5.43438,7,0.171,623.633914155,-618.1995341549999,0.0,0,0.1277035183421773,0
6646691166,77634.0,0.00013,10.09242,2026-09-02 07:27:24.445,False,True,10.09242,7,0.0,608.6117351549999,-598.519315155,0.0,0,0.23123118243600016,0
6646691167,77634.0,7e-05,5.43438,2026-09-02 07:27:24.445,False,True,5.43438,7,0.0,593.356654155,-587.922274155,0.0,0,0.2416122917846218,0
6646691168,77634.0,7e-05,5.43438,2026-09-02 07:27:24.445,False,True,5.43438,7,0.0,578.1015731549999,-572.6671931549998,0.0,0,0.2428365153236665,0
6646691170,77634.0,0.00728,565.17552,2026-09-02 07:27:24.445,False,True,565.17552,7,0.0,590.8335491549999,-25.658029154999895,0.0,0,0.19882462524281058,0
6646691164,77634.0,7e-05,5.43438,2026-09-02 07:27:24.445,False,True,5.43438,7,0.0,589.164418155,-583.730038155,0.0,0,0.24222942394479752,0
6646691169,77634.0,0.00065,50.4621,2026-09-02 07:27:24.445,False,True,50.4621,7,0.0,491.65611415499995,-441.19401415499993,0.0,0,0.24165521814813945,0
6646691162,77634.0,7e-05,5.43438,2026-09-02 07:27:24.445,False,True,5.43438,7,0.0,489.249460155,-483.81508015500003,0.0,0,0.2579369844545743,0
6646691163,77634.0,7e-05,5.43438,2026-09-02 07:27:24.445,False,True,5.43438,7,0.0,419.378860155,-413.944480155,0.0,0,0.26821232024198327,0
6646691160,77634.0,0.00064,49.68576,2026-09-02 07:27:24.445,False,True,49.68576,7,0.0,392.01287515499996,-342.32711515499994,0.0,0,0.25644352945181803,0
6646691153,77634.0,0.01615,1253.7891,2026-09-02 07:27:24.445,False,True,1253.7891,7,0.0,452.02395749999994,801.7651425,0.0,0,0.11463056957056128,0
6646691159,77634.0,7e-05,5.43438,2026-09-02 07:27:24.445,False,True,5.43438,7,0.0,437.1570465,-431.7226665,0.0,0,0.2654812450226213,0
6646691158,77634.0,7e-05,5.43438,2026-09-02 07:27:24.445,False,True,5.43438,7,0.0,337.3973565,-331.9629765,0.0,0,0.27738333517339364,0
6646691157,77634.0,7e-05,5.43438,2026-09-02 07:27:24.445,False,True,5.43438,7,0.0,279.4435755,-274.00919550000003,0.0,0,0.2792117698006081,0
6646691156,77634.0,7e-05,5.43438,2026-09-02 07:27:24.445,False,True,5.43438,7,0.0,199.98517650000002,-194.55079650000002,0.0,0,0.28589803874263064,0
6646691161,77634.0,8e-05,6.21072,2026-09-02 07:27:24.445,False,True,6.21072,7,0.0,180.03323849999998,-173.82251849999997,0.0,0,0.2863030641320036,0
6646691155,77634.0,7e-05,5.43438,2026-09-02 07:27:24.445,False,True,5.43438,7,0.0,180.07205549999998,-174.63767549999997,0.0,0,0.2883417608932736,0
6646691154,77634.0,7e-05,5.43438,2026-09-02 07:27:24.445,False,True,5.43438,7,0.0,177.66540149999997,-172.23102149999997,0.0,0,0.2883417608932736,0
6646691171,77634.0,0.002,155.268,2026-09-02 07:27:24.522,False,True,155.268,7,0.077,127.20330899999999,28.06469100000001,0.0,0,0.18932195090511678,0
6646691172,77633.99,0.0517,4013.677283,2026-09-02 07:27:24.638,True,True,4013.677283,7,0.116,308.47867315,3705.19860985,-1.288095421436708e-07,1,-0.06675961091979188,1
6646691173,77633.99,0.00099,76.8576501,2026-09-02 07:27:24.641,True,True,76.8576501,7,0.003,312.049836655,-235.19218655499998,0.0,1,0.2560701799783396,0
6646691174,77633.99,0.00069,53.5674531,2026-09-02 07:27:25.082,True,True,53.5674531,7,0.441,314.22358830999997,-260.65613520999995,0.0,1,0.09862785704751931,0
6646691175,77634.0,0.02576,1999.85184,2026-09-02 07:27:25.629,False,True,1999.85184,7,0.547,413.94446131000007,1585.9073786899999,1.2880955879701617e-07,0,-0.018584106961558322,1
6646691176,77633.99,9e-05,6.9870591,2026-09-02 07:27:25.892,True,True,6.9870591,7,0.263,414.022095265,-407.035036165,-1.288095421436708e-07,1,0.14930841669830058,0
6646691233,77633.99,7e-05,5.4343793,2026-09-02 07:27:26.058,True,True,5.4343793,7,0.166,386.03503823,-380.60065893,0.0,1,0.18656862100857985,0
6646691228,77633.99,7e-05,5.4343793,2026-09-02 07:27:26.058,True,True,5.4343793,7,0.0,386.035038195,-380.60065889500004,0.0,1,0.29937643825908694,0
6646691232,77633.99,7e-05,5.4343793,2026-09-02 07:27:26.058,True,True,5.4343793,7,0.0,383.78365216000003,-378.34927286000004,0.0,1,0.29937643825908694,0
6646691231,77633.99,7e-05,5.4343793,2026-09-02 07:27:26.058,True,True,5.4343793,7,0.0,383.783652125,-378.349272825,0.0,1,0.29937643825908694,0
6646691230,77633.99,7e-05,5.4343793,2026-09-02 07:27:26.058,True,True,5.4343793,7,0.0,383.78365209,-378.34927279,0.0,1,0.29937643825908694,0
6646691229,77633.99,7e-05,5.4343793,2026-09-02 07:27:26.058,True,True,5.4343793,7,0.0,381.57108305500003,-376.13670375500004,0.0,1,0.29937643825908694,0
6646691234,77633.98,7e-05,5.4343786,2026-09-02 07:27:26.058,True,True,5.4343786,7,0.0,319.153346985,-313.718968385,-1.2880955890803847e-07,1,0.3062545763455738,0
6646691227,77633.99,7e-05,5.4343793,2026-09-02 07:27:26.058,True,True,5.4343793,7,0.0,319.15334695,-313.71896765,1.2880957545036154e-07,1,0.3056814668037226,0
6646691218,77633.99,0.002,155.26798,2026-09-02 07:27:26.058,True,True,155.26798,7,0.0,326.64502695,-171.37704695,0.0,1,0.24965224204740166,0
6646691225,77633.99,7e-05,5.4343793,2026-09-02 07:27:26.058,True,True,5.4343793,7,0.0,326.64502691499996,-321.21064761499997,0.0,1,0.3066188679635436,0
6646691224,77633.99,7e-05,5.4343793,2026-09-02 07:27:26.058,True,True,5.4343793,7,0.0,326.64502688,-321.21064758,0.0,1,0.3066188679635436,0
6646691223,77633.99,7e-05,5.4343793,2026-09-02 07:27:26.058,True,True,5.4343793,7,0.0,326.606209845,-321.17183054500003,0.0,1,0.3066188679635436,0
6646691222,77633.99,7e-05,5.4343793,2026-09-02 07:27:26.058,True,True,5.4343793,7,0.0,326.60620981,-321.17183051,0.0,1,0.3066188679635436,0
6646691221,77633.99,8e-05,6.2107192,2026-09-02 07:27:26.058,True,True,6.2107192,7,0.0,326.64502677,-320.43430757,0.0,1,0.3036349240659267,0
6646691220,77633.99,7e-05,5.4343793,2026-09-02 07:27:26.058,True,True,5.4343793,7,0.0,319.153345735,-313.718966435,0.0,1,0.307544777510914,0
6646691219,77633.99,0.002,155.26798,2026-09-02 07:27:26.058,True,True,155.26798,7,0.0,126.232880585,29.03509941499999,0.0,1,0.2606585461670324,0
6646691235,77633.98,7e-05,5.4343786,2026-09-02 07:27:26.058,True,True,5.4343786,7,0.0,122.66171700999999,-117.22733840999999,-1.2880955890803847e-07,1,0.31191741545874097,0
6646691226,77633.99,7e-05,5.4343793,2026-09-02 07:27:26.058,True,True,5.4343793,7,0.0,120.25506332,-114.82068402,1.2880957545036154e-07,1,0.3115800678198661,0
6646691236,77633.98,0.00013,10.0924174,2026-09-02 07:27:26.058,True,True,10.0924174,7,0.0,20.76709219,-10.67467479,-1.2880955890803847e-07,1,0.2999472540064838,0
6646691255,77632.92,0.02,1552.6584,2026-09-02 07:27:26.058,True,True,1552.6584,7,0.0,98.050659235,1454.607740765,-1.365381499185414e-05,1,0.07854996980879991,0
6646691238,77633.98,7e-05,5.4343786,2026-09-02 07:27:26.058,True,True,5.4343786,7,0.0,98.0506592,-92.6162806,1.3654001421059547e-05,1,0.22629962580607782,0
6646691256,77632.92,0.02,1552.6584,2026-09-02 07:27:26.058,True,True,1552.6584,7,0.0,175.411860235,1377.246539765,-1.365381499185414e-05,1,0.08330641593377786,0
6646691254,77632.92,0.02,1552.6584,2026-09-02 07:27:26.058,True,True,1552.6584,7,0.0,252.77306127000003,1299.88533873,0.0,1,0.1650111948626098,0
6646691253,77632.92,0.00771,598.5498132,2026-09-02 07:27:26.058,True,True,598.5498132,7,0.0,282.428832965,316.120980235,0.0,1,0.21278051303622741,0
6646691252,77632.92,7e-05,5.4343044,2026-09-02 07:27:26.058,True,True,5.4343044,7,0.0,282.42882922,-276.99452482000004,0.0,1,0.30903826053004807,0
6646691251,77632.93,7e-05,5.4343051,2026-09-02 07:27:26.058,True,True,5.4343051,7,0.0,282.42882550999997,-276.99452040999995,1.2881133404363254e-07,1,0.3076013104251157,0
6646691250,77632.93,7e-05,5.4343051,2026-09-02 07:27:26.058,True,True,5.4343051,7,0.0,282.428821835,-276.994516735,0.0,1,0.30903826053004807,0
6646691249,77632.93,7e-05,5.4343051,2026-09-02 07:27:26.058,True,True,5.4343051,7,0.0,282.428818125,-276.994513025,0.0,1,0.30903826053004807,0
6646691237,77633.98,7e-05,5.4343786,2026-09-02 07:27:26.058,True,True,5.4343786,7,0.0,274.937138055,-269.502759455,1.35251883446319e-05,1,0.22051801422826833,0
6646691248,77632.95,7e-05,5.4343065,2026-09-02 07:27:26.058,True,True,5.4343065,7,0.0,274.937134415,-269.502827915,-1.3267386265614078e-05,1,0.22656240500137914,0
6646691246,77633.95,7e-05,5.4343765,2026-09-02 07:27:26.058,True,True,5.4343765,7,0.0,274.93713427499995,-269.50275777499996,1.2881128438335665e-05,1,0.22419993646497438,0
6646691245,77633.95,7e-05,5.4343765,2026-09-02 07:27:26.058,True,True,5.4343765,7,0.0,274.937134135,-269.502757635,0.0,1,0.30903826053004807,0
6646691244,77633.97,0.00013,10.0924161,2026-09-02 07:27:26.058,True,True,10.0924161,7,0.0,275.170035975,-265.07761987500004,2.576192503767061e-07,1,0.2936916112545101,0
6646691243,77633.98,7e-05,5.4343786,2026-09-02 07:27:26.058,True,True,5.4343786,7,0.0,275.131218945,-269.696840345,1.288095918816623e-07,1,0.3076013104251157,0
6646691242,77633.98,7e-05,5.4343786,2026-09-02 07:27:26.058,True,True,5.4343786,7,0.0,275.13121891000003,-269.69684031,0.0,1,0.30903826053004807,0
6646691241,77633.98,7e-05,5.4343786,2026-09-02 07:27:26.058,True,True,5.4343786,7,0.0,267.63953884,-262.20516024,0.0,1,0.30903826053004807,0
6646691239,77633.98,7e-05,5.4343786,2026-09-02 07:27:26.058,True,True,5.4343786,7,0.0,267.63953884,-262.20516024,0.0,1,0.30903826053004807,0
6646691247,77633.76,7e-05,5.4343632,2026-09-02 07:27:26.058,True,True,5.4343632,7,0.0,267.639538035,-262.205174835,-2.8338106586867085e-06,1,0.29178206404899176,0
6646691217,77633.99,0.002,155.26798,2026-09-02 07:27:26.058,True,True,155.26798,7,0.0,274.898316165,-119.63033616499999,2.9626286297546045e-06,1,0.23224446941415722,0
6646691240,77633.98,7e-05,5.4343786,2026-09-02 07:27:26.058,True,True,5.4343786,7,0.0,197.53711509500002,-192.10273649500002,-1.2880955890803847e-07,1,0.3098564438469612,0
6646691215,77633.99,0.002,155.26798,2026-09-02 07:27:26.058,True,True,155.26798,7,0.0,205.02879516499996,-49.76081516499997,1.2880957545036154e-07,1,0.25717539202007034,0
6646691193,77633.99,0.02,1552.6798,2026-09-02 07:27:26.058,True,True,1552.6798,7,0.0,205.029865165,1347.6499348349998,0.0,1,0.16657639438596294,0
6646691216,77633.99,0.002,155.26798,2026-09-02 07:27:26.058,True,True,155.26798,7,0.0,135.160344165,20.107635834999996,0.0,1,0.26270987616628305,0
6646691192,77633.99,7e-05,5.4343793,2026-09-02 07:27:26.058,True,True,5.4343793,7,0.0,105.50457247,-100.07019317,0.0,1,0.3129024093599401,0
6646691191,77633.99,0.02,1552.6798,2026-09-02 07:27:26.058,True,True,1552.6798,7,0.0,182.86684724999998,1369.81295275,0.0,1,0.1629554224578409,0
6646691190,77633.99,0.01,776.3399,2026-09-02 07:27:26.058,True,True,776.3399,7,0.0,221.41212699500002,554.927773005,0.0,1,0.19732076412520638,0
6646691189,77633.99,8e-05,6.2107192,2026-09-02 07:27:26.058,True,True,6.2107192,7,0.0,221.45094769999997,-215.24022849999997,0.0,1,0.30731950748781156,0
6646691188,77633.99,0.01076,835.3417324,2026-09-02 07:27:26.058,True,True,835.3417324,7,0.0,262.946319065,572.395413335,0.0,1,0.19169858665951295,0
6646691187,77633.99,7e-05,5.4343793,2026-09-02 07:27:26.058,True,True,5.4343793,7,0.0,262.9463191,-257.5119398,0.0,1,0.309497720712403,0
6646691186,77633.99,0.03722,2889.5371078,2026-09-02 07:27:26.058,True,True,2889.5371078,7,0.0,407.15145916499995,2482.385648635,0.0,1,0.02323004915358462,0
6646691185,77633.99,0.01357,1053.4932443,2026-09-02 07:27:26.058,True,True,1053.4932443,7,0.0,459.55440255499997,593.938841745,0.0,1,0.17661557479767187,0
6646691184,77633.99,0.02574,1998.2989026,2026-09-02 07:27:26.058,True,True,1998.2989026,7,0.0,559.1976288599999,1439.1012737400001,0.0,1,0.12141339945389817,0
6646691182,77633.99,8e-05,6.2107192,2026-09-02 07:27:26.058,True,True,6.2107192,7,0.0,559.003544015,-552.792824815,0.0,1,0.2758823197834662,0
6646691181,77633.99,0.00013,10.0924187,2026-09-02 07:27:26.058,True,True,10.0924187,7,0.0,559.2364460199999,-549.1440273199999,0.0,1,0.2653224264901781,0
6646691180,77633.99,7e-05,5.4343793,2026-09-02 07:27:26.058,True,True,5.4343793,7,0.0,559.236446055,-553.8020667549999,0.0,1,0.280703269022671,0
6646691179,77633.99,7e-05,5.4343793,2026-09-02 07:27:26.058,True,True,5.4343793,7,0.0,559.23644609,-553.8020667899999,0.0,1,0.280703269022671,0
6646691178,77633.99,7e-05,5.4343793,2026-09-02 07:27:26.058,True,True,5.4343793,7,0.0,559.2364461249999,-553.8020668249999,0.0,1,0.280703269022671,0
6646691177,77633.99,0.00827,642.0330973,2026-09-02 07:27:26.058,True,True,642.0330973,7,0.0,591.06638283,50.966714470000056,0.0,1,0.2207102754587038,0
6646691194,77633.99,0.02,1552.6798,2026-09-02 07:27:26.058,True,True,1552.6798,7,0.0,660.9369738299999,891.74282617,0.0,1,0.1627085996965687,0
6646691195,77633.99,0.00012,9.3160788,2026-09-02 07:27:26.058,True,True,9.3160788,7,0.0,661.1310588399999,-651.8149800399999,0.0,1,0.2563980950600773,0
6646691183,77633.99,0.03862,2998.2246938,2026-09-02 07:27:26.058,True,True,2998.2246938,7,0.0,803.27889453,2194.94579927,0.0,1,0.016090637917555273,0
6646691197,77633.99,7e-05,5.4343793,2026-09-02 07:27:26.058,True,True,5.4343793,7,0.0,725.9166234950001,-720.482244195,0.0,1,0.26345521085237306,0
6646691196,77633.99,7e-05,5.4343793,2026-09-02 07:27:26.058,True,True,5.4343793,7,0.0,718.4249434599999,-712.9905641599998,0.0,1,0.2640863772476316,0
6646691214,77633.99,7e-05,5.4343793,2026-09-02 07:27:26.058,True,True,5.4343793,7,0.0,718.4249434599999,-712.9905641599998,0.0,1,0.2640863772476316,0
6646691213,77633.99,7e-05,5.4343793,2026-09-02 07:27:26.058,True,True,5.4343793,7,0.0,641.062672425,-635.6282931249999,0.0,1,0.2711949286809796,0
6646691212,77633.99,7e-05,5.4343793,2026-09-02 07:27:26.058,True,True,5.4343793,7,0.0,602.5173963899999,-597.0830170899999,0.0,1,0.2774517191574427,0
6646691210,77633.99,7e-05,5.4343793,2026-09-02 07:27:26.058,True,True,5.4343793,7,0.0,602.478579395,-597.044200095,0.0,1,0.2774517191574427,0
6646691209,77633.99,7e-05,5.4343793,2026-09-02 07:27:26.058,True,True,5.4343793,7,0.0,560.9832117399999,-555.5488324399998,0.0,1,0.27965599674009867,0
6646691208,77633.99,7e-05,5.4343793,2026-09-02 07:27:26.058,True,True,5.4343793,7,0.0,560.9832117399999,-555.5488324399998,0.0,1,0.27965599674009867,0
6646691207,77633.99,7e-05,5.4343793,2026-09-02 07:27:26.058,True,True,5.4343793,7,0.0,416.778075315,-411.34369601500003,0.0,1,0.29593466477676256,0
6646691211,77633.99,7e-05,5.4343793,2026-09-02 07:27:26.058,True,True,5.4343793,7,0.0,364.375132065,-358.940752765,0.0,1,0.30229739364200586,0
6646691205,77633.99,7e-05,5.4343793,2026-09-02 07:27:26.058,True,True,5.4343793,7,0.0,264.7319059,-259.2975266,0.0,1,0.309497720712403,0
6646691204,77633.99,0.02576,1999.8515824,2026-09-02 07:27:26.058,True,True,1999.8515824,7,0.0,364.41394906,1635.43763334,0.0,1,0.10672202301585687,0
6646691203,77633.99,7e-05,5.4343793,2026-09-02 07:27:26.058,True,True,5.4343793,7,0.0,364.18104709,-358.74666779,0.0,1,0.30229739364200586,0
6646691202,77633.99,0.30386,23589.8642014,2026-09-02 07:27:26.058,True,True,23589.8642014,7,0.0,1543.402538195,22046.461663205,0.0,1,-0.11690843258060513,1
6646691201,77633.99,7e-05,5.4343793,2026-09-02 07:27:26.058,True,True,5.4343793,7,0.0,1543.402538195,-1537.968158895,0.0,1,0.18626810820640033,0
6646691200,77633.99,7e-05,5.4343793,2026-09-02 07:27:26.058,True,True,5.4343793,7,0.0,1543.402538195,-1537.968158895,0.0,1,0.18626810820640033,0
6646691199,77633.99,7e-05,5.4343793,2026-09-02 07:27:26.058,True,True,5.4343793,7,0.0,1511.5726022949998,-1506.1382229949998,0.0,1,0.18970390544521903,0
6646691206,77633.99,7e-05,5.4343793,2026-09-02 07:27:26.058,True,True,5.4343793,7,0.0,1434.21033126,-1428.77595196,0.0,1,0.19673151429012253,0
6646691198,77633.99,7e-05,5.4343793,2026-09-02 07:27:26.058,True,True,5.4343793,7,0.0,1434.0162462849999,-1428.5818669849998,0.0,1,0.19673151429012253,0
6646691298,77632.91,7e-05,5.4343037,2026-09-02 07:27:26.061,True,True,5.4343037,7,0.003,1284.37672678,-1278.9424230799998,-1.391143235074388e-05,1,0.1005061197110686,0
6646691297,77632.91,7e-05,5.4343037,2026-09-02 07:27:26.061,True,True,5.4343037,7,0.0,1284.3767229999999,-1278.9424192999998,0.0,1,0.21862384324680878,0
6646691296,77632.91,7e-05,5.4343037,2026-09-02 07:27:26.061,True,True,5.4343037,7,0.0,1284.3767192199998,-1278.9424155199997,0.0,1,0.21862384324680878,0
6646691295,77632.91,7e-05,5.4343037,2026-09-02 07:27:26.061,True,True,5.4343037,7,0.0,1284.3767154399998,-1278.9424117399997,0.0,1,0.21862384324680878,0
6646691294,77632.91,7e-05,5.4343037,2026-09-02 07:27:26.061,True,True,5.4343037,7,0.0,1284.37671166,-1278.9424079599999,0.0,1,0.21862384324680878,0
6646691290,77632.92,7e-05,5.4343044,2026-09-02 07:27:26.061,True,True,5.4343044,7,0.0,1284.376707915,-1278.942403515,1.288113506969779e-07,1,0.20809300017836063,0
6646691292,77632.92,7e-05,5.4343044,2026-09-02 07:27:26.061,True,True,5.4343044,7,0.0,1284.3767041699998,-1278.9423997699998,0.0,1,0.21602122598114382,0
6646691291,77632.92,7e-05,5.4343044,2026-09-02 07:27:26.061,True,True,5.4343044,7,0.0,1284.3767004249999,-1278.9423960249999,0.0,1,0.21602122598114382,0
6646691289,77632.92,7e-05,5.4343044,2026-09-02 07:27:26.061,True,True,5.4343044,7,0.0,1284.37669668,-1278.94239228,0.0,1,0.21602122598114382,0
6646691299,77632.91,7e-05,5.4343037,2026-09-02 07:27:26.061,True,True,5.4343037,7,0.0,1284.3766928999999,-1278.9423891999998,-1.2881133404363254e-07,1,0.20426985760390776,0
6646691288,77632.92,7e-05,5.4343044,2026-09-02 07:27:26.061,True,True,5.4343044,7,0.0,1284.376689155,-1278.942384755,1.288113506969779e-07,1,0.20809300017836063,0
6646691293,77632.91,7e-05,5.4343037,2026-09-02 07:27:26.061,True,True,5.4343037,7,0.0,1284.3766853749999,-1278.9423816749998,-1.2881133404363254e-07,1,0.20426985760390776,0
6646691300,77632.91,7e-05,5.4343037,2026-09-02 07:27:26.061,True,True,5.4343037,7,0.0,1184.65582144,-1179.2215177399999,0.0,1,0.22228497417084353,0
6646691309,77632.74,7e-05,5.4342918,2026-09-02 07:27:26.061,True,True,5.4342918,7,0.0,1184.655817065,-1179.221525265,-2.189792962736803e-06,1,0.1974452222679524,0
6646691302,77632.79,7e-05,5.4342953,2026-09-02 07:27:26.061,True,True,5.4342953,7,0.0,5.4343217600000004,-2.646000000083859e-05,6.4405816391222e-07,1,0.30306154347070374,0
6646691303,77632.75,7e-05,5.4342925,2026-09-02 07:27:26.061,True,True,5.4342925,7,0.0,5.43431742,-2.4920000000427933e-05,-5.152461993729318e-07,1,0.30522084254897686,0
6646691304,77632.75,7e-05,5.4342925,2026-09-02 07:27:26.061,True,True,5.4342925,7,0.0,5.43431308,-2.0580000000158805e-05,0.0,1,0.3099681248478657,0
6646691305,77632.75,7e-05,5.4342925,2026-09-02 07:27:26.061,True,True,5.4342925,7,0.0,5.4343087400000005,-1.6240000000777854e-05,0.0,1,0.3099681248478657,0
6646691306,77632.74,0.01794,1392.7313556,2026-09-02 07:27:26.061,True,True,1392.7313556,7,0.0,74.799157555,1317.932198045,-1.288116161513031e-07,1,0.1573541851481321,0
6646691307,77632.74,7e-05,5.4342918,2026-09-02 07:27:26.061,True,True,5.4342918,7,0.0,74.79915317999999,-69.36486138,0.0,1,0.3111177393858023,0
6646691308,77632.74,7e-05,5.4342918,2026-09-02 07:27:26.061,True,True,5.4342918,7,0.0,74.799152585,-69.364860785,0.0,1,0.3111177393858023,0
6646691310,77632.74,7e-05,5.4342918,2026-09-02 07:27:26.061,True,True,5.4342918,7,0.0,74.79915199,-69.36486019,0.0,1,0.3111177393858023,0
6646691312,77632.45,7e-05,5.4342715,2026-09-02 07:27:26.061,True,True,5.4342715,7,0.0,74.79915038,-69.36487888,-3.7355373520009394e-06,1,0.29067848690851683,0
6646691313,77632.45,7e-05,5.4342715,2026-09-02 07:27:26.061,True,True,5.4342715,7,0.0,74.79914877,-69.36487727000001,0.0,1,0.3111177393858023,0
6646691314,77632.44,0.01928,1496.7534432,2026-09-02 07:27:26.061,True,True,1496.7534432,7,0.0,149.365105745,1347.388337455,-1.2881211397530734e-07,1,0.16042116350482144,0
6646691287,77632.92,7e-05,5.4343044,2026-09-02 07:27:26.061,True,True,5.4343044,7,0.0,149.365105745,-143.930801345,6.182982268621018e-06,1,0.2764427345415842,0
6646691301,77632.79,7e-05,5.4342953,2026-09-02 07:27:26.061,True,True,5.4342953,7,0.0,149.36510529,-143.93080999,-1.6745473441215353e-06,1,0.29881011263220003,0
6646691286,77632.92,7e-05,5.4343044,2026-09-02 07:27:26.061,True,True,5.4343044,7,0.0,149.36510529000003,-143.93080089000003,1.6745501483228509e-06,1,0.3010468360959753,0
6646691311,77632.45,7e-05,5.4342715,2026-09-02 07:27:26.061,True,True,5.4342715,7,0.0,149.365103645,-143.930832145,-6.054132705601845e-06,1,0.27899747949854553,0
6646691284,77632.92,7e-05,5.4343044,2026-09-02 07:27:26.061,True,True,5.4343044,7,0.0,149.36510368,-143.93079928,6.054169358282735e-06,1,0.27668654500964524,0
6646691258,77632.92,0.0094,729.749448,2026-09-02 07:27:26.061,True,True,729.749448,7,0.0,185.58086085999997,544.16858714,0.0,1,0.19602393071268354,0
6646691259,77632.92,7e-05,5.4343044,2026-09-02 07:27:26.061,True,True,5.4343044,7,0.0,185.580860895,-180.146556495,0.0,1,0.3107991790620234,0
6646691285,77632.92,7e-05,5.4343044,2026-09-02 07:27:26.061,True,True,5.4343044,7,0.0,185.58086093000003,-180.14655653000003,0.0,1,0.3107991790620234,0
6646691260,77632.92,0.00784,608.6420928,2026-09-02 07:27:26.061,True,True,608.6420928,7,0.0,215.74125098,392.90084182,0.0,1,0.20579899904990973,0
6646691261,77632.92,0.00723,561.2860116,2026-09-02 07:27:26.061,True,True,561.2860116,7,0.0,243.533836795,317.75217480500004,0.0,1,0.21204747559857734,0
6646691262,77632.92,0.00962,746.8286904,2026-09-02 07:27:26.061,True,True,746.8286904,7,0.0,280.60355669,466.22513371,0.0,1,0.19900906417119713,0
6646691263,77632.92,7e-05,5.4343044,2026-09-02 07:27:26.061,True,True,5.4343044,7,0.0,280.603557285,-275.16925288500005,0.0,1,0.30903826053004807,0
6646691264,77632.92,7e-05,5.4343044,2026-09-02 07:27:26.061,True,True,5.4343044,7,0.0,280.60355788000004,-275.16925348000007,0.0,1,0.30903826053004807,0
6646691265,77632.92,7e-05,5.4343044,2026-09-02 07:27:26.061,True,True,5.4343044,7,0.0,211.23870532,-205.80440092,0.0,1,0.31049541614291176,0
6646691266,77632.92,7e-05,5.4343044,2026-09-02 07:27:26.061,True,True,5.4343044,7,0.0,211.23870595,-205.80440155,0.0,1,0.31049541614291176,0
6646691267,77632.92,7e-05,5.4343044,2026-09-02 07:27:26.061,True,True,5.4343044,7,0.0,211.23870658,-205.80440218,0.0,1,0.31049541614291176,0
6646691268,77632.92,7e-05,5.4343044,2026-09-02 07:27:26.061,True,True,5.4343044,7,0.0,211.23870720999997,-205.80440280999997,0.0,1,0.31049541614291176,0
6646691269,77632.92,7e-05,5.4343044,2026-09-02 07:27:26.061,True,True,5.4343044,7,0.0,211.238708855,-205.804404455,0.0,1,0.31049541614291176,0
6646691257,77632.92,7e-05,5.4343044,2026-09-02 07:27:26.061,True,True,5.4343044,7,0.0,211.23871049999997,-205.80440609999997,0.0,1,0.31049541614291176,0
6646691271,77632.92,7e-05,5.4343044,2026-09-02 07:27:26.061,True,True,5.4343044,7,0.0,136.67275356,-131.23844916,0.0,1,0.31259056249279077,0
6646691283,77632.92,7e-05,5.4343044,2026-09-02 07:27:26.061,True,True,5.4343044,7,0.0,136.67275356,-131.23844916,0.0,1,0.31259056249279077,0
6646691282,77632.92,7e-05,5.4343044,2026-09-02 07:27:26.061,True,True,5.4343044,7,0.0,136.672754015,-131.238449615,0.0,1,0.31259056249279077,0
6646691281,77632.92,7e-05,5.4343044,2026-09-02 07:27:26.061,True,True,5.4343044,7,0.0,136.67275401499998,-131.23844961499998,0.0,1,0.31259056249279077,0
6646691279,77632.92,0.004,310.53168,2026-09-02 07:27:26.061,True,True,310.53168,7,0.0,151.92762444,158.60405556,0.0,1,0.23475327734441997,0
6646691278,77632.92,7e-05,5.4343044,2026-09-02 07:27:26.061,True,True,5.4343044,7,0.0,151.92762444,-146.49332004,0.0,1,0.3124216822905504,0
6646691280,77632.92,7e-05,5.4343044,2026-09-02 07:27:26.061,True,True,5.4343044,7,0.0,115.71186726,-110.27756286,0.0,1,0.31265304715000763,0
6646691276,77632.92,7e-05,5.4343044,2026-09-02 07:27:26.061,True,True,5.4343044,7,0.0,115.71186726,-110.27756286,0.0,1,0.31265304715000763,0
6646691275,77632.92,7e-05,5.4343044,2026-09-02 07:27:26.061,True,True,5.4343044,7,0.0,115.71186725999999,-110.27756285999999,0.0,1,0.31265304715000763,0
6646691274,77632.92,7e-05,5.4343044,2026-09-02 07:27:26.061,True,True,5.4343044,7,0.0,85.55147784,-80.11717344,0.0,1,0.31206255026462265,0
6646691273,77632.92,7e-05,5.4343044,2026-09-02 07:27:26.061,True,True,5.4343044,7,0.0,57.75889248,-52.32458808,0.0,1,0.31108926139211873,0
6646691272,77632.92,7e-05,5.4343044,2026-09-02 07:27:26.061,True,True,5.4343044,7,0.0,20.68917318,-15.25486878,0.0,1,0.31121860525576206,0
6646691277,77632.92,7e-05,5.4343044,2026-09-02 07:27:26.061,True,True,5.4343044,7,0.0,20.689173180000004,-15.254868780000004,0.0,1,0.31121860525576206,0
6646691270,77632.92,7e-05,5.4343044,2026-09-02 07:27:26.061,True,True,5.4343044,7,0.0,20.68917318,-15.25486878,0.0,1,0.31121860525576206,0
6646691322,77631.99,7e-05,5.4342393,2026-09-02 07:27:26.062,True,True,5.4342393,7,0.001,20.689169925,-15.254930625000002,-1.197945407682699e-05,1,0.22900620971042962,0
6646691326,77631.52,0.00154,119.5525408,2026-09-02 07:27:26.062,True,True,119.5525408,7,0.0,26.395081745,93.157459055,-6.054205231698084e-06,1,0.22522218752321693,0
6646691325,77631.53,7e-05,5.4342071,2026-09-02 07:27:26.062,True,True,5.4342071,7,0.0,26.395076880000005,-20.960869780000003,1.2881365707428927e-07,1,0.30968551109420656,0
6646691324,77631.53,7e-05,5.4342071,2026-09-02 07:27:26.062,True,True,5.4342071,7,0.0,26.395072015000004,-20.960864915000002,0.0,1,0.3109670730960077,0
6646691323,77631.53,7e-05,5.4342071,2026-09-02 07:27:26.062,True,True,5.4342071,7,0.0,26.39506715,-20.96086005,0.0,1,0.3109670730960077,0
6646691321,77631.99,7e-05,5.4342393,2026-09-02 07:27:26.062,True,True,5.4342393,7,0.0,26.395063895,-20.960824595,5.9254274649145344e-06,1,0.27417102298788393,0
6646691319,77632.0,7e-05,5.43424,2026-09-02 07:27:26.062,True,True,5.43424,7,0.0,26.395060675000003,-20.960820675000004,1.2881287725363677e-07,1,0.30968551109420656,0
6646691318,77632.44,7e-05,5.4342708,2026-09-02 07:27:26.062,True,True,5.4342708,7,0.0,26.395058995000007,-20.960788195000006,5.667765869743491e-06,1,0.27511437746896117,0
6646691317,77632.44,7e-05,5.4342708,2026-09-02 07:27:26.062,True,True,5.4342708,7,0.0,26.395057314999995,-20.960786514999995,0.0,1,0.3109670730960077,0
6646691316,77632.44,7e-05,5.4342708,2026-09-02 07:27:26.062,True,True,5.4342708,7,0.0,26.395055635,-20.960784835,0.0,1,0.3109670730960077,0
6646691315,77632.44,0.0235,1824.36234,2026-09-02 07:27:26.062,True,True,1824.36234,7,0.0,102.086588635,1722.275751365,0.0,1,0.11172715687973933,0
6646691320,77632.0,7e-05,5.43424,2026-09-02 07:27:26.062,True,True,5.43424,7,0.0,102.086585415,-96.652345415,-5.667733746439474e-06,1,0.2814075375020567,0
6646691327,77631.52,7e-05,5.4342064,2026-09-02 07:27:26.173,True,True,5.4342064,7,0.111,102.08658051500001,-96.65237411500001,-6.183017312366701e-06,1,0.1869036629064233,0
6646691328,77631.52,0.00166,128.8683232,2026-09-02 07:27:26.173,True,True,128.8683232,7,0.0,108.258281455,20.61004174499999,0.0,1,0.2645685320814157,0
6646691329,77631.53,0.0007,54.342071,2026-09-02 07:27:26.289,False,True,54.342071,7,0.116,110.70366978499999,-56.36159878499999,1.2881365707428927e-07,0,0.17928897707181252,0
6646691330,77631.52,0.0008,62.105216,2026-09-02 07:27:26.449,True,True,62.105216,7,0.16,113.537215365,-51.431999364999996,-1.288136404209439e-07,1,0.17315480122622018,0
6646691331,77631.52,0.00182,141.2893664,2026-09-02 07:27:26.503,True,True,141.2893664,7,0.054,120.32996846500001,20.959397935,0.0,1,0.21017310528178457,0
6646691332,77631.52,0.00067,52.0131184,2026-09-02 07:27:26.525,True,True,52.0131184,7,0.022,122.658909165,-70.64579076499999,0.0,1,0.24912848477382693,0
6646691333,77631.53,0.0025,194.078825,2026-09-02 07:27:26.549,False,True,194.078825,7,0.024,132.091135195,61.987689805,1.2881365707428927e-07,0,0.19657262401590847,0
6646691334,77631.53,0.00014,10.8684142,2026-09-02 07:27:26.549,False,True,10.8684142,7,0.0,132.36284068499998,-121.49442648499998,0.0,0,0.2849850109896947,0
6646691335,77631.53,0.0022,170.789366,2026-09-02 07:27:26.550,False,True,170.789366,7,0.001,140.63059702,30.15876897999999,0.0,0,0.2477244857402544,0
6646691336,77631.53,0.00205,159.1446365,2026-09-02 07:27:26.550,False,True,159.1446365,7,0.0,142.610201805,16.534434694999987,0.0,0,0.2560174186943584,0
6646691337,77631.53,0.00012,9.3157836,2026-09-02 07:27:26.696,False,True,9.3157836,7,0.146,142.80428063,-133.48849703,0.0,0,0.1840671347764229,0
6646691338,77631.53,0.00662,513.9207286,2026-09-02 07:27:26.789,False,True,513.9207286,7,0.093,168.228606705,345.69212189499996,0.0,0,0.13641889896209047,0
6646691339,77631.53,0.00838,650.5522214,2026-09-02 07:27:26.789,False,True,650.5522214,7,0.0,200.48450742,450.06771398,0.0,0,0.174746110636121,0
6646691340,77631.52,0.0007,54.342064,2026-09-02 07:27:27.723,True,True,54.342064,7,0.934,202.92989865500002,-148.58783465500002,-1.288136404209439e-07,1,-0.007706890846902126,1
6646691345,77631.52,7e-05,5.4342064,2026-09-02 07:27:27.822,True,True,5.4342064,7,0.099,202.929896975,-197.495690575,0.0,1,0.23177698860922175,0
6646691344,77631.52,7e-05,5.4342064,2026-09-02 07:27:27.822,True,True,5.4342064,7,0.0,202.929893755,-197.495687355,0.0,1,0.3107991790620234,0
6646691346,77631.52,0.00041,31.8289232,2026-09-02 07:27:27.822,True,True,31.8289232,7,0.0,204.249626375,-172.420703175,0.0,1,0.28630749541784145,0
6646691342,77631.52,7e-05,5.4342064,2026-09-02 07:27:27.822,True,True,5.4342064,7,0.0,204.249623155,-198.815416755,0.0,1,0.3107991790620234,0
6646691341,77631.52,0.01431,1110.9070512,2026-09-02 07:27:27.822,True,True,1110.9070512,7,0.0,168.576858715,942.3301924850001,0.0,1,0.17188236261067708,0
6646691343,77631.52,7e-05,5.4342064,2026-09-02 07:27:27.822,True,True,5.4342064,7,0.0,168.57685703500002,-163.14265063500002,0.0,1,0.3116758313439012,0
6646692006,77618.73,0.02,1552.3746,2026-09-02 07:27:31.439,True,True,1552.3746,7,3.617,245.923876715,1306.450723285,-0.0001647526674732891,1,-0.14570948689225416,1
6646692005,77618.73,0.01979,1536.0746667,2026-09-02 07:27:31.439,True,True,1536.0746667,7,0.0,316.28419389,1219.7904728100002,0.0,1,0.15878349792065516,0
6646692004,77618.73,7e-05,5.4333111,2026-09-02 07:27:31.439,True,True,5.4333111,7,0.0,313.83875589499996,-308.40544479499994,0.0,1,0.3084909898914689,0
6646692003,77618.73,7e-05,5.4333111,2026-09-02 07:27:31.439,True,True,5.4333111,7,0.0,311.00516065,-305.57184954999997,0.0,1,0.3084909898914689,0
6646692002,77618.73,7e-05,5.4333111,2026-09-02 07:27:31.439,True,True,5.4333111,7,0.0,304.212357885,-298.779046785,0.0,1,0.3084909898914689,0
6646692001,77618.74,7e-05,5.4333118,2026-09-02 07:27:31.439,True,True,5.4333118,7,0.0,301.88336755500006,-296.45005575500005,1.2883488320625247e-07,1,0.3076013104251157,0
6646692000,77618.74,7e-05,5.4333118,2026-09-02 07:27:31.439,True,True,5.4333118,7,0.0,292.451091895,-287.017780095,0.0,1,0.30903826053004807,0
6646691999,77618.74,7e-05,5.4333118,2026-09-02 07:27:31.439,True,True,5.4333118,7,0.0,292.179336775,-286.746024975,0.0,1,0.30903826053004807,0
6646691997,77619.28,7e-05,5.4333496,2026-09-02 07:27:31.439,True,True,5.4333496,7,0.0,283.91153595500003,-278.47818635500005,6.957082786973601e-06,1,0.2679454881938395,0
6646691996,77619.5,7e-05,5.433365,2026-09-02 07:27:31.439,True,True,5.433365,7,0.0,276.22597238000003,-270.79260738000005,2.834347342606236e-06,1,0.29056724239684223,0
6646691995,77619.5,7e-05,5.433365,2026-09-02 07:27:31.439,True,True,5.433365,7,0.0,276.03185145000003,-270.59848645000005,0.0,1,0.30903826053004807,0
6646691994,77619.5,0.00586,454.85027,2026-09-02 07:27:31.439,True,True,454.85027,7,0.0,273.07832852,181.77194148,0.0,1,0.22361675550072935,0
6646691993,77619.67,7e-05,5.4333769,2026-09-02 07:27:31.439,True,True,5.4333769,7,0.0,240.82238629500003,-235.38900939500002,2.1901712843330756e-06,1,0.29415869517194176,0
6646691998,77619.28,7e-05,5.4333496,2026-09-02 07:27:31.439,True,True,5.4333496,7,0.0,238.37695057500005,-232.94360097500004,-5.024499588834885e-06,1,0.2819369669969917,0
6646691991,77620.16,7e-05,5.4334112,2026-09-02 07:27:31.439,True,True,5.4334112,7,0.0,238.37691081500003,-232.94349961500004,1.1337389370424944e-05,1,0.2390914287047452,0
6646691992,77619.81,7e-05,5.4333867,2026-09-02 07:27:31.439,True,True,5.4333867,7,0.0,238.37686983000003,-232.94348313000003,-4.509137832342525e-06,1,0.2843845698745696,0
6646691979,77621.52,7e-05,5.4335064,2026-09-02 07:27:31.439,True,True,5.4335064,7,0.0,237.05709899000004,-231.62359259000004,2.203045846171925e-05,1,0.18299423575002421,0
6646691980,77621.28,8e-05,6.2097024,2026-09-02 07:27:31.439,True,True,6.2097024,7,0.0,237.09587378999998,-230.88617139,-3.091926053522265e-06,1,0.28937553004876004,0
6646691981,77620.64,7e-05,5.4334448,2026-09-02 07:27:31.439,True,True,5.4334448,7,0.0,181.82219347000003,-176.38874867000004,-8.24516163611122e-06,1,0.26060651257511874,0
6646691982,77620.64,7e-05,5.4334448,2026-09-02 07:27:31.439,True,True,5.4334448,7,0.0,181.82215539,-176.38871059000002,0.0,1,0.3110731990050434,0
6646691984,77620.58,7e-05,5.4334406,2026-09-02 07:27:31.439,True,True,5.4334406,7,0.0,104.47509742,-99.04165682,-7.729902767872332e-07,1,0.30543203782250405,0
6646691983,77620.58,0.005,388.1029,2026-09-02 07:27:31.439,True,True,388.1029,7,0.0,47.076509085,341.026390915,0.0,1,0.21824265573876045,0
6646691986,77620.58,7e-05,5.4334406,2026-09-02 07:27:31.439,True,True,5.4334406,7,0.0,47.076515560000004,-41.64307496000001,0.0,1,0.3109837568490584,0
6646691987,77620.58,7e-05,5.4334406,2026-09-02 07:27:31.439,True,True,5.4334406,7,0.0,47.076522034999996,-41.643081435,0.0,1,0.3109837568490584,0
6646691988,77620.58,7e-05,5.4334406,2026-09-02 07:27:31.439,True,True,5.4334406,7,0.0,47.076528509999996,-41.64308791,0.0,1,0.3109837568490584,0
6646691989,77620.58,7e-05,5.4334406,2026-09-02 07:27:31.439,True,True,5.4334406,7,0.0,47.07653495,-41.643094350000005,0.0,1,0.3109837568490584,0
6646691990,77620.16,7e-05,5.4334112,2026-09-02 07:27:31.439,True,True,5.4334112,7,0.0,47.07653992,-41.64312872,-5.410936120275878e-06,1,0.28149987331035886,0
6646691985,77620.58,7e-05,5.4334406,2026-09-02 07:27:31.439,True,True,5.4334406,7,0.0,47.07654636,-41.643105760000005,5.410965398633394e-06,1,0.2771754129320673,0
6646692049,77618.25,7e-05,5.4332775,2026-09-02 07:27:31.442,True,True,5.4332775,7,0.003,47.076542755,-41.643265254999996,-3.0017812286398105e-05,1,0.12311325029829268,0
6646692053,77618.05,7e-05,5.4332635,2026-09-02 07:27:31.442,True,True,5.4332635,7,0.0,47.07653768,-41.64327418,-2.5767135950482967e-06,1,0.2945756320706158,0
6646692052,77618.24,7e-05,5.4332768,2026-09-02 07:27:31.442,True,True,5.4332768,7,0.0,47.07653327,-41.64325647,2.447884222878116e-06,1,0.29720190080552533,0
6646692051,77618.24,7e-05,5.4332768,2026-09-02 07:27:31.442,True,True,5.4332768,7,0.0,24.60568361,-19.17240681,0.0,1,0.31121860525576206,0
6646692050,77618.25,7e-05,5.4332775,2026-09-02 07:27:31.442,True,True,5.4332775,7,0.0,24.60567864,-19.17240114,1.288356963335957e-07,1,0.3099380322175016,0
6646692048,77618.25,7e-05,5.4332775,2026-09-02 07:27:31.442,True,True,5.4332775,7,0.0,24.605675034999997,-19.172397534999998,0.0,1,0.31121860525576206,0
6646692041,77618.26,7e-05,5.4332782,2026-09-02 07:27:31.442,True,True,5.4332782,7,0.0,24.605668384999998,-19.172390184999998,1.2883567968025034e-07,1,0.3099380322175016,0
6646692046,77618.25,7e-05,5.4332775,2026-09-02 07:27:31.442,True,True,5.4332775,7,0.0,24.605662924999997,-19.172385424999998,-1.2883566313792727e-07,1,0.3102770825044852,0
6646692045,77618.25,7e-05,5.4332775,2026-09-02 07:27:31.442,True,True,5.4332775,7,0.0,24.60565148,-19.17237398,0.0,1,0.31121860525576206,0
6646692044,77618.25,0.00977,758.3303025,2026-09-02 07:27:31.442,True,True,758.3303025,7,0.0,62.211681485,696.118621015,0.0,1,0.18801251797225504,0
6646692043,77618.26,7e-05,5.4332782,2026-09-02 07:27:31.442,True,True,5.4332782,7,0.0,62.21167315499999,-56.778394954999996,1.2883567968025034e-07,1,0.30976273266133797,0
6646692042,77618.26,7e-05,5.4332782,2026-09-02 07:27:31.442,True,True,5.4332782,7,0.0,62.211664825,-56.778386624999996,0.0,1,0.31104399223570867,0
6646692054,77618.05,7e-05,5.4332635,2026-09-02 07:27:31.442,True,True,5.4332635,7,0.0,62.21165597,-56.77839247,-2.7055489261185173e-06,1,0.294547110801949,0
6646692047,77618.25,7e-05,5.4332775,2026-09-02 07:27:31.442,True,True,5.4332775,7,0.0,43.07817484499999,-37.64489734499999,2.576720234515051e-06,1,0.29769090914066954,0
6646692055,77618.05,7e-05,5.4332635,2026-09-02 07:27:31.442,True,True,5.4332635,7,0.0,43.078165989999995,-37.64490248999999,-2.5767135950482967e-06,1,0.2950684208138345,0
6646692069,77617.33,7e-05,5.4332131,2026-09-02 07:27:31.442,True,True,5.4332131,7,0.0,43.078154614999995,-37.644941515,-9.276192844298592e-06,1,0.2575765744916407,0
6646692057,77618.04,7e-05,5.4332628,2026-09-02 07:27:31.442,True,True,5.4332628,7,0.0,43.078145725,-37.644882925,9.147441685897206e-06,1,0.2533521894648989,0
6646692058,77618.0,7e-05,5.43326,2026-09-02 07:27:31.442,True,True,5.43326,7,0.0,43.078136695,-37.644876695,-5.153441132721426e-07,1,0.3072101844474418,0
6646692070,77617.33,0.022,1707.58126,2026-09-02 07:27:31.442,True,True,1707.58126,7,0.0,128.18552913499997,1579.395730865,-8.632018346221848e-06,1,0.07775675535057636,0
6646692059,77617.48,7e-05,5.4332236,2026-09-02 07:27:31.442,True,True,5.4332236,7,0.0,128.185518285,-122.752294685,1.9325581026574667e-06,1,0.30180419442045725,0
6646692060,77617.48,7e-05,5.4332236,2026-09-02 07:27:31.442,True,True,5.4332236,7,0.0,128.18551558999997,-122.75229198999996,0.0,1,0.3126775834335495,0
6646692061,77617.47,7e-05,5.4332229,2026-09-02 07:27:31.442,True,True,5.4332229,7,0.0,128.18551355999998,-122.75229065999997,-1.2883695776899629e-07,1,0.31174027824958395,0
6646692062,77617.47,7e-05,5.4332229,2026-09-02 07:27:31.442,True,True,5.4332229,7,0.0,128.185510865,-122.752287965,0.0,1,0.3126775834335495,0
6646692063,77617.45,7e-05,5.4332215,2026-09-02 07:27:31.442,True,True,5.4332215,7,0.0,128.1855081,-122.75228659999999,-2.576739489557056e-07,1,0.30966917117214676,0
6646692064,77617.45,7e-05,5.4332215,2026-09-02 07:27:31.442,True,True,5.4332215,7,0.0,128.1855053,-122.75228379999999,0.0,1,0.3126775834335495,0
6646692065,77617.34,7e-05,5.4332138,2026-09-02 07:27:31.442,True,True,5.4332138,7,0.0,128.185502115,-122.75228831499999,-1.4172070842422002e-06,1,0.3015542506668253,0
6646692066,77617.34,7e-05,5.4332138,2026-09-02 07:27:31.442,True,True,5.4332138,7,0.0,128.18549889499997,-122.75228509499996,0.0,1,0.3126775834335495,0
6646692067,77617.34,7e-05,5.4332138,2026-09-02 07:27:31.442,True,True,5.4332138,7,0.0,128.18549571,-122.75228191,0.0,1,0.3126775834335495,0
6646692068,77617.33,7e-05,5.4332131,2026-09-02 07:27:31.442,True,True,5.4332131,7,0.0,128.18549249,-122.75227939,-1.2883719013867534e-07,1,0.31174027824958395,0
6646692040,77618.46,7e-05,5.4332922,2026-09-02 07:27:31.442,True,True,5.4332922,7,0.0,90.54064197499999,-85.10734977499999,1.4558604373604567e-05,1,0.2250766860957123,0
6646692056,77618.04,7e-05,5.4332628,2026-09-02 07:27:31.442,True,True,5.4332628,7,0.0,90.540641205,-85.107378405,-5.411083909834247e-06,1,0.28353204692980194,0
6646692039,77618.46,7e-05,5.4332922,2026-09-02 07:27:31.442,True,True,5.4332922,7,0.0,90.54064190499999,-85.10734970499999,5.411113189746075e-06,1,0.28025181689176437,0
6646692018,77618.73,7e-05,5.4333111,2026-09-02 07:27:31.442,True,True,5.4333111,7,0.0,90.54064428499998,-85.10733318499999,3.478553941782536e-06,1,0.29130909560329094,0
6646692037,77618.46,7e-05,5.4332922,2026-09-02 07:27:31.442,True,True,5.4332922,7,0.0,90.54064501999999,-85.10735281999999,-3.478541841461791e-06,1,0.2939818121813172,0
6646692038,77618.46,7e-05,5.4332922,2026-09-02 07:27:31.442,True,True,5.4332922,7,0.0,90.54064645499999,-85.10735425499999,0.0,1,0.3126210028122074,0
6646692008,77618.73,7e-05,5.4333111,2026-09-02 07:27:31.442,True,True,5.4333111,7,0.0,90.540651355,-85.107340255,3.478553941782536e-06,1,0.29130909560329094,0
6646692009,77618.73,7e-05,5.4333111,2026-09-02 07:27:31.442,True,True,5.4333111,7,0.0,90.54065376999998,-85.10734266999998,0.0,1,0.3126210028122074,0
6646692010,77618.73,7e-05,5.4333111,2026-09-02 07:27:31.442,True,True,5.4333111,7,0.0,90.54065632499999,-85.10734522499999,0.0,1,0.3126210028122074,0
6646692011,77618.73,0.00258,200.2563234,2026-09-02 07:27:31.442,True,True,200.2563234,7,0.0,15.174409494999988,185.08191390500002,0.0,1,0.2420020443013226,0
6646692012,77618.73,7e-05,5.4333111,2026-09-02 07:27:31.442,True,True,5.4333111,7,0.0,15.17441386999999,-9.74110276999999,0.0,1,0.3106878333163251,0
6646692013,77618.73,7e-05,5.4333111,2026-09-02 07:27:31.442,True,True,5.4333111,7,0.0,15.17441824499999,-9.74110714499999,0.0,1,0.3106878333163251,0
6646692014,77618.73,7e-05,5.4333111,2026-09-02 07:27:31.442,True,True,5.4333111,7,0.0,15.17442265499999,-9.74111155499999,0.0,1,0.3106878333163251,0
6646692015,77618.73,7e-05,5.4333111,2026-09-02 07:27:31.442,True,True,5.4333111,7,0.0,15.174427064999989,-9.741115964999988,0.0,1,0.3106878333163251,0
6646692016,77618.73,7e-05,5.4333111,2026-09-02 07:27:31.442,True,True,5.4333111,7,0.0,15.17443154499999,-9.74112044499999,0.0,1,0.3106878333163251,0
6646692017,77618.73,7e-05,5.4333111,2026-09-02 07:27:31.442,True,True,5.4333111,7,0.0,15.174436024999988,-9.741124924999987,0.0,1,0.3106878333163251,0
6646692019,77618.73,7e-05,5.4333111,2026-09-02 07:27:31.442,True,True,5.4333111,7,0.0,15.174440889999989,-9.741129789999988,0.0,1,0.3106878333163251,0
6646692020,77618.73,7e-05,5.4333111,2026-09-02 07:27:31.442,True,True,5.4333111,7,0.0,15.174445754999988,-9.741134654999989,0.0,1,0.3106878333163251,0
6646692021,77618.73,7e-05,5.4333111,2026-09-02 07:27:31.442,True,True,5.4333111,7,0.0,15.174450619999991,-9.74113951999999,0.0,1,0.3106878333163251,0
6646692007,77618.73,7e-05,5.4333111,2026-09-02 07:27:31.442,True,True,5.4333111,7,0.0,15.174455519999986,-9.741144419999987,0.0,1,0.3106878333163251,0
6646692023,77618.73,7e-05,5.4333111,2026-09-02 07:27:31.442,True,True,5.4333111,7,0.0,15.174456464999988,-9.741145364999987,0.0,1,0.3106878333163251,0
6646692022,77618.73,7e-05,5.4333111,2026-09-02 07:27:31.442,True,True,5.4333111,7,0.0,15.174458879999992,-9.741147779999991,0.0,1,0.3106878333163251,0
6646692036,77618.46,7e-05,5.4332922,2026-09-02 07:27:31.442,True,True,5.4332922,7,0.0,15.174458879999989,-9.741166679999989,-3.478541841461791e-06,1,0.29079916047574833,0
6646692034,77618.72,7e-05,5.4333104,2026-09-02 07:27:31.442,True,True,5.4333104,7,0.0,15.17445884499999,-9.74114844499999,3.3497186107123156e-06,1,0.28686288987497616,0
6646692033,77618.72,7e-05,5.4333104,2026-09-02 07:27:31.442,True,True,5.4333104,7,0.0,15.174459754999987,-9.741149354999987,0.0,1,0.3106878333163251,0
6646692032,77618.72,7e-05,5.4333104,2026-09-02 07:27:31.442,True,True,5.4333104,7,0.0,15.17446066499999,-9.74115026499999,0.0,1,0.3106878333163251,0
6646692031,77618.72,7e-05,5.4333104,2026-09-02 07:27:31.442,True,True,5.4333104,7,0.0,15.17446062999999,-9.74115022999999,0.0,1,0.3106878333163251,0
6646692035,77618.46,7e-05,5.4332922,2026-09-02 07:27:31.442,True,True,5.4332922,7,0.0,15.174459684999988,-9.741167484999988,-3.349707390132295e-06,1,0.29079916047574833,0
6646692029,77618.72,7e-05,5.4333104,2026-09-02 07:27:31.442,True,True,5.4333104,7,0.0,15.174459649999989,-9.741149249999989,3.3497186107123156e-06,1,0.28686288987497616,0
6646692028,77618.72,7e-05,5.4333104,2026-09-02 07:27:31.442,True,True,5.4333104,7,0.0,5.433308999999989,1.4000000110314659e-06,0.0,1,0.3099681248478657,0
6646692027,77618.72,7e-05,5.4333104,2026-09-02 07:27:31.442,True,True,5.4333104,7,0.0,5.4333089649999895,1.4350000103746652e-06,0.0,1,0.3099681248478657,0
6646692026,77618.73,7e-05,5.4333111,2026-09-02 07:27:31.442,True,True,5.4333111,7,0.0,5.4333089649999895,2.1350000105613276e-06,1.2883489963755324e-07,1,0.3086826352234598,0
6646692024,77618.73,7e-05,5.4333111,2026-09-02 07:27:31.442,True,True,5.4333111,7,0.0,5.433308964999989,2.135000011449506e-06,0.0,1,0.3099681248478657,0
6646692025,77618.73,7e-05,5.4333111,2026-09-02 07:27:31.442,True,True,5.4333111,7,0.0,5.433308964999989,2.135000011449506e-06,0.0,1,0.3099681248478657,0
6646692030,77618.72,7e-05,5.4333104,2026-09-02 07:27:31.442,True,True,5.4333104,7,0.0,5.433308929999988,1.4700000114942213e-06,-1.2883488298420787e-07,1,0.30902298724794197,0
6646692071,77617.33,0.02575,1998.6462475,2026-09-02 07:27:31.444,True,True,1998.6462475,7,0.002,105.09395574999999,1893.55229175,-1.7908051047510476e-05,1,-0.00275344063850147,1
6646692084,77617.33,7e-05,5.4332131,2026-09-02 07:27:31.456,True,True,5.4332131,7,0.012,105.09395084999998,-99.66073774999998,0.0,1,0.28754190757026155,0
6646692085,77617.33,7e-05,5.4332131,2026-09-02 07:27:31.456,True,True,5.4332131,7,0.0,105.09394594999999,-99.66073284999999,0.0,1,0.3129024093599401,0
6646692086,77617.33,7e-05,5.4332131,2026-09-02 07:27:31.456,True,True,5.4332131,7,0.0,105.09394105000001,-99.66072795000001,0.0,1,0.3129024093599401,0
6646692089,77617.33,7e-05,5.4332131,2026-09-02 07:27:31.456,True,True,5.4332131,7,0.0,105.09393615000002,-99.66072305000002,0.0,1,0.3129024093599401,0
6646692088,77617.33,7e-05,5.4332131,2026-09-02 07:27:31.456,True,True,5.4332131,7,0.0,105.09393125,-99.66071815,0.0,1,0.3129024093599401,0
6646692090,77617.33,7e-05,5.4332131,2026-09-02 07:27:31.456,True,True,5.4332131,7,0.0,105.09392634999999,-99.66071324999999,0.0,1,0.3129024093599401,0
6646692083,77617.33,8e-05,6.2093864,2026-09-02 07:27:31.456,True,True,6.2093864,7,0.0,105.13273106,-98.92334466,0.0,1,0.30997523130243165,0
6646692087,77617.33,7e-05,5.4332131,2026-09-02 07:27:31.456,True,True,5.4332131,7,0.0,105.13272619499999,-99.69951309499999,0.0,1,0.3129024093599401,0
6646692082,77617.33,7e-05,5.4332131,2026-09-02 07:27:31.456,True,True,5.4332131,7,0.0,105.13272133000001,-99.69950823,0.0,1,0.3129024093599401,0
6646692077,77617.33,7e-05,5.4332131,2026-09-02 07:27:31.456,True,True,5.4332131,7,0.0,105.132716465,-99.699503365,0.0,1,0.3129024093599401,0
6646692080,77617.33,7e-05,5.4332131,2026-09-02 07:27:31.456,True,True,5.4332131,7,0.0,105.13271160000002,-99.69949850000002,0.0,1,0.3129024093599401,0
6646692079,77617.33,7e-05,5.4332131,2026-09-02 07:27:31.456,True,True,5.4332131,7,0.0,105.13270764499998,-99.69949454499998,0.0,1,0.3129024093599401,0
6646692078,77617.33,7e-05,5.4332131,2026-09-02 07:27:31.456,True,True,5.4332131,7,0.0,105.13270278,-99.69948968,0.0,1,0.3129024093599401,0
6646692076,77617.33,7e-05,5.4332131,2026-09-02 07:27:31.456,True,True,5.4332131,7,0.0,105.132697915,-99.69948481499999,0.0,1,0.3129024093599401,0
6646692075,77617.33,7e-05,5.4332131,2026-09-02 07:27:31.456,True,True,5.4332131,7,0.0,105.13269305000001,-99.69947995000001,0.0,1,0.3129024093599401,0
6646692074,77617.33,7e-05,5.4332131,2026-09-02 07:27:31.456,True,True,5.4332131,7,0.0,105.13268814999999,-99.69947504999999,0.0,1,0.3129024093599401,0
6646692073,77617.33,7e-05,5.4332131,2026-09-02 07:27:31.456,True,True,5.4332131,7,0.0,105.13268324999999,-99.69947014999998,0.0,1,0.3129024093599401,0
6646692072,77617.33,7e-05,5.4332131,2026-09-02 07:27:31.456,True,True,5.4332131,7,0.0,105.13267834999999,-99.69946524999999,0.0,1,0.3129024093599401,0
6646692081,77617.33,7e-05,5.4332131,2026-09-02 07:27:31.456,True,True,5.4332131,7,0.0,105.13267348500001,-99.69946038500001,0.0,1,0.3129024093599401,0
6646692103,77617.32,7e-05,5.4332124,2026-09-02 07:27:31.458,True,True,5.4332124,7,0.002,5.472021729999988,-0.038809329999987874,-1.288372067920207e-07,1,0.2973388636434568,0
6646692104,77617.32,7e-05,5.4332124,2026-09-02 07:27:31.458,True,True,5.4332124,7,0.0,5.472021694999988,-0.03880929499998764,0.0,1,0.3099681248478657,0
6646692105,77617.22,7e-05,5.4332054,2026-09-02 07:27:31.458,True,True,5.4332054,7,0.0,5.472021309999989,-0.03881590999998874,-1.288372234564683e-06,1,0.29996878073350614,0
6646692102,77617.32,7e-05,5.4332124,2026-09-02 07:27:31.458,True,True,5.4332124,7,0.0,5.472021274999989,-0.03880887499998842,1.2883738944591272e-06,1,0.3013843206591765,0
6646692107,77617.02,7e-05,5.4331914,2026-09-02 07:27:31.458,True,True,5.4331914,7,0.0,5.472020189999989,-0.03882878999998862,-3.865116703360982e-06,1,0.2870834189686118,0
6646692108,77617.02,7e-05,5.4331914,2026-09-02 07:27:31.458,True,True,5.4331914,7,0.0,5.472019104999989,-0.038827704999988555,0.0,1,0.3099681248478657,0
6646692109,77617.02,7e-05,5.4331914,2026-09-02 07:27:31.458,True,True,5.4331914,7,0.0,5.472018019999989,-0.03882661999998849,0.0,1,0.3099681248478657,0
6646692106,77617.22,7e-05,5.4332054,2026-09-02 07:27:31.458,True,True,5.4332054,7,0.0,5.433208969999989,-3.5699999889615697e-06,2.5767544282739863e-06,1,0.29445155182232674,0
6646692101,77617.32,7e-05,5.4332124,2026-09-02 07:27:31.458,True,True,5.4332124,7,0.0,5.433208934999989,3.4650000113600754e-06,1.2883738944591272e-06,1,0.30149781037216317,0
6646692091,77617.32,7e-05,5.4332124,2026-09-02 07:27:31.458,True,True,5.4332124,7,0.0,5.433208899999988,3.5000000124796316e-06,0.0,1,0.3099681248478657,0
6646692099,77617.32,7e-05,5.4332124,2026-09-02 07:27:31.458,True,True,5.4332124,7,0.0,5.433208864999989,3.535000011822831e-06,0.0,1,0.3099681248478657,0
6646692098,77617.32,7e-05,5.4332124,2026-09-02 07:27:31.458,True,True,5.4332124,7,0.0,5.433208829999988,3.5700000120542086e-06,0.0,1,0.3099681248478657,0
6646692097,77617.32,7e-05,5.4332124,2026-09-02 07:27:31.458,True,True,5.4332124,7,0.0,5.433208794999989,3.605000011397408e-06,0.0,1,0.3099681248478657,0
6646692096,77617.32,7e-05,5.4332124,2026-09-02 07:27:31.458,True,True,5.4332124,7,0.0,5.433208759999989,3.6400000116287856e-06,0.0,1,0.3099681248478657,0
6646692095,77617.32,7e-05,5.4332124,2026-09-02 07:27:31.458,True,True,5.4332124,7,0.0,5.4332087249999885,3.6750000118601633e-06,0.0,1,0.3099681248478657,0
6646692094,77617.32,7e-05,5.4332124,2026-09-02 07:27:31.458,True,True,5.4332124,7,0.0,5.433208689999989,3.7100000112033626e-06,0.0,1,0.3099681248478657,0
6646692093,77617.32,7e-05,5.4332124,2026-09-02 07:27:31.458,True,True,5.4332124,7,0.0,5.433208654999989,3.7450000114347404e-06,0.0,1,0.3099681248478657,0
6646692092,77617.32,7e-05,5.4332124,2026-09-02 07:27:31.458,True,True,5.4332124,7,0.0,5.43320861999999,3.7800000107779397e-06,0.0,1,0.3099681248478657,0
6646692100,77617.32,7e-05,5.4332124,2026-09-02 07:27:31.458,True,True,5.4332124,7,0.0,5.4332085849999885,3.815000011897496e-06,0.0,1,0.3099681248478657,0
6646692157,77615.77,7e-05,5.4331039,2026-09-02 07:27:31.475,True,True,5.4331039,7,0.017,5.43320312499999,-9.922499998982204e-05,-1.996976963392072e-05,1,0.139623813091297,0
6646692156,77615.77,7e-05,5.4331039,2026-09-02 07:27:31.475,True,True,5.4331039,7,0.0,5.433197699999989,-9.379999998948563e-05,0.0,1,0.3099681248478657,0
6646692155,77615.77,7e-05,5.4331039,2026-09-02 07:27:31.475,True,True,5.4331039,7,0.0,5.433192274999989,-8.837499998914922e-05,0.0,1,0.3099681248478657,0
6646692154,77615.77,7e-05,5.4331039,2026-09-02 07:27:31.475,True,True,5.4331039,7,0.0,5.433187199999989,-8.329999998935023e-05,0.0,1,0.3099681248478657,0
6646692153,77615.77,7e-05,5.4331039,2026-09-02 07:27:31.475,True,True,5.4331039,7,0.0,5.433181774999989,-7.787499998901382e-05,0.0,1,0.3099681248478657,0
6646692152,77615.77,7e-05,5.4331039,2026-09-02 07:27:31.475,True,True,5.4331039,7,0.0,5.433177399999989,-7.349999998940149e-05,0.0,1,0.3099681248478657,0
6646692148,77615.78,7e-05,5.4331046,2026-09-02 07:27:31.475,True,True,5.4331046,7,0.0,5.433173059999989,-6.84599999889457e-05,1.2883979638722565e-07,1,0.3086826352234598,0
6646692150,77615.78,7e-05,5.4331046,2026-09-02 07:27:31.475,True,True,5.4331046,7,0.0,5.433168719999989,-6.411999998867657e-05,0.0,1,0.3099681248478657,0
6646692149,77615.78,7e-05,5.4331046,2026-09-02 07:27:31.475,True,True,5.4331046,7,0.0,5.433163679999988,-5.907999998822078e-05,0.0,1,0.3099681248478657,0
6646692158,77614.66,7e-05,5.4330262,2026-09-02 07:27:31.475,True,True,5.4330262,7,0.0,5.433154369999988,-0.0001281699999884367,-1.4430055331526859e-05,1,0.21893132451368863,0
6646692147,77615.93,7e-05,5.4331151,2026-09-02 07:27:31.475,True,True,5.4331151,7,0.0,5.433149504999989,-3.440499998852431e-05,1.636288814488296e-05,1,0.2086796634379433,0
6646692146,77615.93,7e-05,5.4331151,2026-09-02 07:27:31.475,True,True,5.4331151,7,0.0,5.433144639999989,-2.9539999989225407e-05,0.0,1,0.3099681248478657,0
6646692145,77616.4,8e-05,6.209312,2026-09-02 07:27:31.475,True,True,6.209312,7,0.0,5.471949619999989,0.7373623800000111,6.055457945297604e-06,1,0.2651781275700206,0
6646692151,77615.77,0.01173,910.4329821,2026-09-02 07:27:31.475,True,True,910.4329821,7,0.0,50.721938104999985,859.7110439950001,-8.116841285987775e-06,1,0.12073210399771261,0
6646692159,77614.66,7e-05,5.4330262,2026-09-02 07:27:31.475,True,True,5.4330262,7,0.0,50.72192879499998,-45.28890259499998,-1.430121739431911e-05,1,0.2227431079633443,0
6646692164,77614.53,7e-05,5.4330171,2026-09-02 07:27:31.475,True,True,5.4330171,7,0.0,50.72191902999999,-45.28890192999999,-1.674941306206712e-06,1,0.29854949065172015,0
6646692161,77614.65,0.01307,1014.4234755,2026-09-02 07:27:31.475,True,True,1014.4234755,7,0.0,101.17143218499999,913.252043315,1.5461022568885596e-06,1,0.15322447251600174,0
6646692144,77617.0,7e-05,5.43319,2026-09-02 07:27:31.475,True,True,5.43319,7,0.0,101.171431065,-95.738241065,3.0277789051513793e-05,1,0.15777429667123655,0
6646692174,77613.84,0.02,1552.2768,2026-09-02 07:27:31.475,True,True,1552.2768,7,0.0,178.51361044499998,1373.763189555,-4.0712730458580815e-05,1,0.01598069249349443,0
6646692173,77613.85,7e-05,5.4329695,2026-09-02 07:27:31.475,True,True,5.4329695,7,0.0,178.5135983,-173.0806288,1.288430002688301e-07,1,0.3097920542646169,0
6646692172,77613.85,7e-05,5.4329695,2026-09-02 07:27:31.475,True,True,5.4329695,7,0.0,178.51359157999997,-173.08062207999996,0.0,1,0.3110731990050434,0
6646692175,77613.84,0.02,1552.2768,2026-09-02 07:27:31.475,True,True,1552.2768,7,0.0,255.85577638499998,1296.4210236150002,-1.2884298372650704e-07,1,0.15799323910111607,0
6646692171,77613.85,7e-05,5.4329695,2026-09-02 07:27:31.475,True,True,5.4329695,7,0.0,255.85576966500003,-250.422800165,1.288430002688301e-07,1,0.3080627842127954,0
6646692160,77614.66,7e-05,5.4330262,2026-09-02 07:27:31.475,True,True,5.4330262,7,0.0,255.85576578,-250.42273958,1.0436281668857461e-05,1,0.24209269300824587,0
6646692170,77613.86,7e-05,5.4329702,2026-09-02 07:27:31.475,True,True,5.4329702,7,0.0,255.85575909500002,-250.42278889500002,-1.0307331115066987e-05,1,0.24270070531371318,0
6646692168,77613.86,7e-05,5.4329702,2026-09-02 07:27:31.475,True,True,5.4329702,7,0.0,255.85575240999998,-250.42278220999998,0.0,1,0.309497720712403,0
6646692167,77613.86,7e-05,5.4329702,2026-09-02 07:27:31.475,True,True,5.4329702,7,0.0,255.85574569,-250.42277549,0.0,1,0.309497720712403,0
6646692166,77614.06,7e-05,5.4329842,2026-09-02 07:27:31.475,True,True,5.4329842,7,0.0,255.85573967,-250.42275547,2.5768593392427874e-06,1,0.29198006931797243,0
6646692165,77614.53,7e-05,5.4330171,2026-09-02 07:27:31.475,True,True,5.4330171,7,0.0,255.85573529500002,-250.42271819500002,6.055603843035939e-06,1,0.27319247485651293,0
6646692163,77614.53,7e-05,5.4330171,2026-09-02 07:27:31.475,True,True,5.4330171,7,0.0,255.85573484000003,-250.42271774000002,0.0,1,0.309497720712403,0
6646692162,77614.53,7e-05,5.4330171,2026-09-02 07:27:31.475,True,True,5.4330171,7,0.0,255.85572994000003,-250.42271284000003,0.0,1,0.309497720712403,0
6646692169,77613.86,7e-05,5.4329702,2026-09-02 07:27:31.475,True,True,5.4329702,7,0.0,255.855722695,-250.422752495,-8.632404267627791e-06,1,0.25619765711663023,0
6646692143,77617.0,7e-05,5.43319,2026-09-02 07:27:31.475,True,True,5.43319,7,0.0,255.81691659499998,-250.38372659499998,4.045669162699994e-05,1,0.12512158020625375,0
6646692113,77617.01,7e-05,5.4331907,2026-09-02 07:27:31.475,True,True,5.4331907,7,0.0,210.56692702499998,-205.13373632499997,1.2883775446503876e-07,1,0.309064852089293,0
6646692141,77617.0,7e-05,5.43319,2026-09-02 07:27:31.475,True,True,5.43319,7,0.0,210.566935215,-205.133745215,-1.288377379227157e-07,1,0.30955180281974787,0
6646692110,77617.01,0.01173,910.4475273,2026-09-02 07:27:31.475,True,True,910.4475273,7,0.0,255.817660725,654.629866575,1.2883775446503876e-07,1,0.1748776557989335,0
6646692111,77617.01,7e-05,5.4331907,2026-09-02 07:27:31.475,True,True,5.4331907,7,0.0,205.36814648500004,-199.93495578500003,0.0,1,0.3107991790620234,0
6646692112,77617.01,7e-05,5.4331907,2026-09-02 07:27:31.475,True,True,5.4331907,7,0.0,205.36814651999998,-199.93495581999997,0.0,1,0.3107991790620234,0
6646692114,77617.01,7e-05,5.4331907,2026-09-02 07:27:31.475,True,True,5.4331907,7,0.0,128.025966055,-122.592775355,0.0,1,0.3126775834335495,0
6646692115,77617.01,7e-05,5.4331907,2026-09-02 07:27:31.475,True,True,5.4331907,7,0.0,128.025977115,-122.59278641499999,0.0,1,0.3126775834335495,0
6646692116,77617.01,7e-05,5.4331907,2026-09-02 07:27:31.475,True,True,5.4331907,7,0.0,128.025988175,-122.59279747500001,0.0,1,0.3126775834335495,0
6646692117,77617.01,7e-05,5.4331907,2026-09-02 07:27:31.475,True,True,5.4331907,7,0.0,50.68380770999999,-45.25061700999999,0.0,1,0.31091445098616793,0
6646692118,77617.01,7e-05,5.4331907,2026-09-02 07:27:31.475,True,True,5.4331907,7,0.0,50.683818769999995,-45.25062807,0.0,1,0.31091445098616793,0
6646692119,77617.01,7e-05,5.4331907,2026-09-02 07:27:31.475,True,True,5.4331907,7,0.0,50.68382699499999,-45.25063629499999,0.0,1,0.31091445098616793,0
6646692142,77617.0,7e-05,5.43319,2026-09-02 07:27:31.475,True,True,5.43319,7,0.0,50.68383798499999,-45.250647984999986,-1.288377379227157e-07,1,0.309972048995486,0
6646692121,77617.01,7e-05,5.4331907,2026-09-02 07:27:31.475,True,True,5.4331907,7,0.0,50.683849009999996,-45.25065831,1.2883775446503876e-07,1,0.309632682086974,0
6646692122,77617.01,7e-05,5.4331907,2026-09-02 07:27:31.475,True,True,5.4331907,7,0.0,50.683860034999995,-45.250669335,0.0,1,0.31091445098616793,0
6646692123,77617.01,7e-05,5.4331907,2026-09-02 07:27:31.475,True,True,5.4331907,7,0.0,50.68387036,-45.25067966,0.0,1,0.31091445098616793,0
6646692124,77617.01,7e-05,5.4331907,2026-09-02 07:27:31.475,True,True,5.4331907,7,0.0,50.683879039999994,-45.250688339999996,0.0,1,0.31091445098616793,0
6646692125,77617.01,7e-05,5.4331907,2026-09-02 07:27:31.475,True,True,5.4331907,7,0.0,50.68388771999999,-45.25069701999999,0.0,1,0.31091445098616793,0
6646692120,77617.01,7e-05,5.4331907,2026-09-02 07:27:31.475,True,True,5.4331907,7,0.0,50.683896399999995,-45.2507057,0.0,1,0.31091445098616793,0
6646692127,77617.01,7e-05,5.4331907,2026-09-02 07:27:31.475,True,True,5.4331907,7,0.0,50.68390742499999,-45.25071672499999,0.0,1,0.31091445098616793,0
6646692126,77617.01,7e-05,5.4331907,2026-09-02 07:27:31.475,True,True,5.4331907,7,0.0,50.68390745999999,-45.250716759999996,0.0,1,0.31091445098616793,0
6646692139,77617.0,7e-05,5.43319,2026-09-02 07:27:31.475,True,True,5.43319,7,0.0,50.683907424999994,-45.25071742499999,-1.288377379227157e-07,1,0.309972048995486,0
6646692138,77617.0,7e-05,5.43319,2026-09-02 07:27:31.475,True,True,5.43319,7,0.0,50.68390742499999,-45.25071742499999,0.0,1,0.31091445098616793,0
6646692137,77617.0,7e-05,5.43319,2026-09-02 07:27:31.475,True,True,5.43319,7,0.0,5.433190559999988,-5.599999886030105e-07,0.0,1,0.3099681248478657,0
6646692136,77617.0,7e-05,5.43319,2026-09-02 07:27:31.475,True,True,5.43319,7,0.0,5.433190524999988,-5.249999883716328e-07,0.0,1,0.3099681248478657,0
6646692135,77617.01,7e-05,5.4331907,2026-09-02 07:27:31.475,True,True,5.4331907,7,0.0,5.433190524999988,1.7500001181502967e-07,1.2883775446503876e-07,1,0.3086826352234598,0
6646692140,77617.0,7e-05,5.43319,2026-09-02 07:27:31.475,True,True,5.43319,7,0.0,5.433190489999989,-4.899999890284334e-07,-1.288377379227157e-07,1,0.30902298724794197,0
6646692133,77617.01,7e-05,5.4331907,2026-09-02 07:27:31.475,True,True,5.4331907,7,0.0,5.433190489999989,2.1000001115822897e-07,1.2883775446503876e-07,1,0.3086826352234598,0
6646692132,77617.01,7e-05,5.4331907,2026-09-02 07:27:31.475,True,True,5.4331907,7,0.0,5.433190489999989,2.1000001115822897e-07,0.0,1,0.3099681248478657,0
6646692131,77617.01,0.02,1552.3402,2026-09-02 07:27:31.475,True,True,1552.3402,7,0.0,82.778540955,1469.5616590450002,0.0,1,0.15574800539572914,0
6646692130,77617.01,8e-05,6.2093608,2026-09-02 07:27:31.475,True,True,6.2093608,7,0.0,82.81734945999999,-76.60798865999999,0.0,1,0.3082022835497343,0
6646692129,77617.01,0.02,1552.3402,2026-09-02 07:27:31.475,True,True,1552.3402,7,0.0,160.16269992500003,1392.1775000750001,0.0,1,0.16168640551926972,0
6646692128,77617.01,7e-05,5.4331907,2026-09-02 07:27:31.475,True,True,5.4331907,7,0.0,160.16269996,-154.72950926,0.0,1,0.31195011638898046,0
6646692134,77617.01,7e-05,5.4331907,2026-09-02 07:27:31.475,True,True,5.4331907,7,0.0,160.16269996,-154.72950926,0.0,1,0.31195011638898046,0
6646692176,77613.84,0.00492,381.8600928,2026-09-02 07:27:31.480,True,True,381.8600928,7,0.005,178.984045065,202.87604773500001,-4.084156295114383e-05,1,0.02761648378309889,0
6646692178,77613.85,0.0022,170.75047,2026-09-02 07:27:31.726,False,True,170.75047,7,0.246,187.24990903,-16.49943902999999,1.288430002688301e-07,0,0.11341632650454936,0
6646692177,77613.85,0.00014,10.865939,2026-09-02 07:27:31.726,False,True,10.865939,7,0.0,187.521546445,-176.65560744500002,0.0,0,0.28284721882514297,0
6646692179,77613.84,0.00019,14.7466296,2026-09-02 07:27:31.873,True,True,14.7466296,7,0.147,187.98721839,-173.24058879,-1.2884298372650704e-07,1,0.1941754141596096,0
6646692180,77613.85,0.02162,1678.011437,2026-09-02 07:27:32.636,False,True,1678.011437,7,0.763,271.616130705,1406.395306295,1.288430002688301e-07,0,-0.04316982603087194,1
6646692181,77613.85,0.00071,55.1058335,2026-09-02 07:27:32.943,False,True,55.1058335,7,0.307,274.099762845,-218.99392934499997,0.0,0,0.1122296091676418,0
6646692182,77613.85,0.00076,58.986526,2026-09-02 07:27:33.994,False,True,58.986526,7,1.051,276.77742961,-217.79090361000002,0.0,0,-0.03863242686115065,1
6646692183,77613.85,0.015,1164.20775,2026-09-02 07:27:34.016,False,True,1164.20775,7,0.022,334.71615761,829.49159239,0.0,0,0.10575956287888388,0
6646692184,77613.84,0.00071,55.1058264,2026-09-02 07:27:34.022,True,True,55.1058264,7,0.006,337.19978943,-282.09396303,-1.2884298372650704e-07,1,0.25833801670334383,0
6646692185,77613.84,0.015,1164.2076,2026-09-02 07:27:35.049,True,True,1164.2076,7,1.027,395.13850992999994,769.06909007,0.0,1,-0.04439529228701233,1
6646692186,77613.85,0.00064,49.672864,2026-09-02 07:27:35.115,False,True,49.672864,7,0.066,397.35049362999996,-347.67762962999996,1.288430002688301e-07,0,0.19008163421826524,0
6646692187,77613.85,0.0007,54.329695,2026-09-02 07:27:35.186,False,True,54.329695,7,0.071,399.795318845,-345.465623845,0.0,0,0.196972105032856,0
